Time and Date, Wind Speed , Wind Apparent , Absolute , Heading , Latitude , Longitude 
25/04/2018 - 20:40:28,14.06112289428711,116,76.71945124523418,39.280548754765825,51.22087814825329,-7.531190138059457
25/04/2018 - 20:40:31,13.938040733337402,112,81.61606292637723,30.38393707362278,51.66187356569338,-7.675429568901515
25/04/2018 - 20:40:33,9.76550006866455,113,124.80624792035485,-11.806247920354842,49.09854639993724,-7.134209396869065
25/04/2018 - 20:59:18,9.499436378479004,127,93.42509826799173,33.57490173200827,49.74819147473577,-7.147334190516533
25/04/2018 - 20:59:21,12.105143547058105,119,88.59498227495929,30.405017725040704,50.142025611784305,-7.323176344867117
25/04/2018 - 20:59:44,10.58321762084961,119,85.07203333820837,33.927966661791636,50.37930880936048,-7.380592511950301
25/04/2018 - 20:59:47,13.349344253540039,118,79.75304736251488,38.246952637485116,50.82208976178177,-7.464107974529379
25/04/2018 - 20:59:50,13.824127197265625,116,76.27142412390964,39.72857587609037,51.285861874228296,-7.539542710589326
25/04/2018 - 20:59:53,13.938040733337402,112,80.89336311815516,31.10663688184484,51.71480177870704,-7.70455319563708
25/04/2018 - 20:59:56,9.76550006866455,116,112.98727346027397,3.0127265397260277,49.1749025690008,-7.180674810165226
25/04/2018 - 20:59:59,8.662476539611816,128,91.11366054456491,36.8863394554351,49.613992159195924,-7.142364909929999
25/04/2018 - 21:00:02,11.348796844482422,121,94.38365577123307,26.616344228766938,49.98956599762401,-7.253869861601562
25/04/2018 - 21:00:05,10.982941627502441,119,85.05187578013437,33.94812421986564,50.41403329390035,-7.386829649604699
25/04/2018 - 21:00:08,13.349344253540039,117,78.04835433283225,38.95164566716776,50.8622598491788,-7.4705263183633885
25/04/2018 - 21:00:11,13.824127197265625,116,75.7659320136191,40.2340679863809,51.32637031559582,-7.544353444182171
25/04/2018 - 21:00:14,13.938040733337402,111,79.95407932047979,31.04592067952021,51.752020375892364,-7.725723538530841
25/04/2018 - 21:00:17,9.76550006866455,118,108.4537245154407,9.546275484559304,49.21740581418965,-7.195033584855804
25/04/2018 - 21:00:20,8.662476539611816,128,91.68608754906313,36.31391245093686,49.645799037181945,-7.139119118901591
25/04/2018 - 21:00:23,12.105143547058105,120,92.71571718327186,27.284282816728133,50.023929403862695,-7.273238865691461
25/04/2018 - 21:00:26,10.982941627502441,119,84.87066259406822,34.129337405931786,50.44216915206125,-7.393436002657611
25/04/2018 - 21:00:29,13.349344253540039,117,78.25818773390665,38.741812266093355,50.8936077429175,-7.476671092641946
25/04/2018 - 21:00:32,13.824127197265625,116,75.92802428584352,40.07197571415647,51.366216806443184,-7.549949732635621
25/04/2018 - 21:00:35,13.651578903198242,111,79.73341811851398,31.266581881486022,51.78214306668924,-7.742151103236547
25/04/2018 - 21:00:38,9.76550006866455,119,103.5265032629957,15.47349673700429,49.25981655748843,-7.202690991547086
25/04/2018 - 21:00:41,9.499436378479004,128,91.84019273336784,36.15980726663216,49.678074987344274,-7.135638513844072
25/04/2018 - 21:00:44,12.105143547058105,120,91.48473704984806,28.515262950151943,50.0609405046638,-7.289910162228436
25/04/2018 - 21:00:47,10.982941627502441,119,84.9093361014201,34.090663898579905,50.47705930531821,-7.401837552541322
25/04/2018 - 21:00:50,13.349344253540039,117,78.19815122490778,38.80184877509223,50.933119682134695,-7.483951679619385
25/04/2018 - 21:00:53,13.370643615722656,116,76.16207136480585,39.837928635194146,51.40564633879677,-7.555948339572585
25/04/2018 - 21:00:56,13.651578903198242,110,80.36757142329351,29.63242857670649,51.815559928542626,-7.767378048580262
25/04/2018 - 21:00:59,9.344131469726562,120,99.47508867733382,20.524911322666185,49.30134815525259,-7.2049104963330475
25/04/2018 - 21:01:02,9.499436378479004,128,93.55729666193861,34.4427033380614,49.70936546635595,-7.140980188110822
25/04/2018 - 21:01:05,12.105143547058105,119,89.26612393778225,29.73387606221774,50.09096690794174,-7.301931863612744
25/04/2018 - 21:01:08,11.394429206848145,119,84.31259588119644,34.68740411880356,50.512924550395645,-7.40865236632818
25/04/2018 - 21:01:11,13.91848373413086,117,78.02032418615713,38.97967581384288,50.972827172915856,-7.491640574819576
25/04/2018 - 21:01:14,13.370643615722656,116,78.0191064357497,37.9808935642503,51.44193996825113,-7.5672801165175105
25/04/2018 - 21:01:17,13.651578903198242,110,82.00172472807304,27.99827527192696,51.8485445859281,-7.794087032016505
25/04/2018 - 21:01:20,9.344131469726562,122,97.75963785616301,24.240362143836993,49.34037377310074,-7.202921903246357
25/04/2018 - 21:01:23,9.499436378479004,127,93.35692127648491,33.64307872351509,49.74163766075718,-7.146318669865791
25/04/2018 - 21:01:26,12.105143547058105,119,88.61971631767533,30.380283682324677,50.12762373857406,-7.3169445067034635
25/04/2018 - 21:01:29,12.473884582519531,119,83.66230761552708,35.33769238447291,50.5502025846079,-7.41350149184644
25/04/2018 - 21:01:32,13.385372161865234,117,78.25632430870786,38.74367569129215,51.01209969618698,-7.501240469660541
25/04/2018 - 21:01:35,13.370643615722656,115,78.23045641318578,36.76954358681423,51.47872642294314,-7.579395990247263
25/04/2018 - 21:01:50,12.473884582519531,119,83.21889467597859,35.78110532402142,50.5881555790099,-7.421809309413377
25/04/2018 - 21:01:53,13.385372161865234,117,78.16248533528105,38.83751466471895,51.051555407288156,-7.506376763566406
25/04/2018 - 21:02:07,12.105143547058105,120,90.87543049381516,29.12456950618484,50.07593875320035,-7.296040827974632
25/04/2018 - 21:02:10,10.982941627502441,119,84.81872950838702,34.18127049161298,50.49113238847505,-7.4050083755742815
25/04/2018 - 21:02:13,13.349344253540039,117,78.30306792544496,38.69693207455503,50.948792037111886,-7.4870696213964125
25/04/2018 - 21:02:16,13.370643615722656,116,76.53347837899463,39.46652162100538,51.41292012630105,-7.558065869898133
25/04/2018 - 21:02:19,13.651578903198242,110,81.02123274520532,28.97876725479468,51.82880709854587,-7.777884812546989
25/04/2018 - 21:02:22,9.344131469726562,121,98.95023065267942,22.049769347320574,49.317021042312334,-7.2045522792462355
25/04/2018 - 21:02:25,9.499436378479004,128,93.62547365344543,34.37452634655458,49.7159189495014,-7.141858892971591
25/04/2018 - 21:02:28,12.105143547058105,119,88.65681738174936,30.343182618250637,50.10602331890168,-7.307582640633642
25/04/2018 - 21:02:31,11.394429206848145,119,84.03179304231662,34.968206957683385,50.52776936936631,-7.41027513490111
25/04/2018 - 21:02:34,13.91848373413086,117,77.91714428413286,39.08285571586715,50.988861330765296,-7.495642991003152
25/04/2018 - 21:02:37,13.370643615722656,115,77.39051344993847,37.60948655006153,51.44917460643647,-7.569769418660844
25/04/2018 - 21:02:40,13.651578903198242,110,81.99613424027578,28.00386575972422,51.86244200724379,-7.804288425440349
25/04/2018 - 21:02:43,9.344131469726562,122,97.09390308430098,24.906096915699024,49.348067158193714,-7.202145626535488
25/04/2018 - 21:02:46,9.499436378479004,127,93.42509826799173,33.57490173200827,49.74819147473577,-7.147334190516533
25/04/2018 - 21:02:49,12.105143547058105,119,88.59498227495929,30.405017725040704,50.142025611784305,-7.323176344867117
25/04/2018 - 21:02:52,12.473884582519531,119,83.48494243970768,35.51505756029231,50.565380783507486,-7.416878115369002
25/04/2018 - 21:02:55,13.385372161865234,117,78.34806799001947,38.651932009980534,51.027750957882645,-7.503446302642603
25/04/2018 - 21:02:58,13.370643615722656,115,77.95617833386677,37.04382166613323,51.48661946791057,-7.5811855117634535
25/04/2018 - 21:03:01,13.651578903198242,109,80.6525321159281,28.347467884071907,51.89757538109389,-7.829436640137503
25/04/2018 - 21:03:04,9.344131469726562,123,94.09949445312878,28.90050554687121,49.39401521185629,-7.194647724026712
25/04/2018 - 21:03:07,9.499436378479004,127,93.76598322552582,33.234016774474185,49.78095993634006,-7.152588168665506
25/04/2018 - 21:03:10,11.45766544342041,119,87.82854825655242,31.171451743447573,50.17873582434989,-7.3358467378301935
25/04/2018 - 21:03:13,12.473884582519531,118,82.04152950015919,35.95847049984082,50.60334356647186,-7.425007517076648
25/04/2018 - 21:03:16,13.385372161865234,117,78.5315553526427,38.46844464735731,51.05904891165304,-7.507977672148458
25/04/2018 - 21:03:19,12.576377868652344,115,79.63237101488369,35.36762898511631,51.521077385007466,-7.594242309099059
25/04/2018 - 21:03:22,12.673235893249512,108,81.90762505397693,26.092374946023075,51.92721798459515,-7.85743493857459
25/04/2018 - 21:03:25,9.344131469726562,124,92.69440667358776,31.30559332641223,49.42409467314967,-7.187324355670831
25/04/2018 - 21:03:28,9.926393508911133,126,94.21799480877539,31.782005191224613,49.81232270090905,-7.161920643162109
25/04/2018 - 21:03:31,11.45766544342041,119,86.77681662584922,32.223183374150786,50.215628066095704,-7.345924134998507
25/04/2018 - 21:03:34,12.473884582519531,118,81.59811656061066,36.40188343938933,50.64132926313204,-7.432690179043739
25/04/2018 - 21:03:37,13.385372161865234,117,78.43771637921589,38.562283620784115,51.098494144486715,-7.513415543138369
25/04/2018 - 21:03:40,13.002710342407227,114,80.84895495432156,33.151045045678444,51.55359720758681,-7.61202410750003
25/04/2018 - 21:03:43,12.673235893249512,108,83.83588733106986,24.164112668930148,49,-7
25/04/2018 - 21:03:46,8.853840827941895,125,91.67051973894735,33.329480261052645,49.45962061012102,-7.17779723099607
25/04/2018 - 21:03:49,9.926393508911133,125,93.97268362422368,31.027316375776326,49.84427518964148,-7.173029209590514
25/04/2018 - 21:03:52,11.45766544342041,119,86.27838998149056,32.72161001850943,50.2519495345199,-7.355904299898526
25/04/2018 - 21:03:55,12.473884582519531,118,81.24338620897186,36.75661379102814,50.67173282223454,-7.438513995579257
25/04/2018 - 21:03:58,14.06112289428711,117,78.49611921047943,38.50388078952057,51.13879710238296,-7.5200234239692945
25/04/2018 - 21:04:01,13.002710342407227,114,82.36997505141036,31.630024948589632,51.58651132508897,-7.6314973266277875
25/04/2018 - 21:04:04,9.76550006866455,110,142.21691109912777,-32.21691109912777,49.027219384502864,-7.052333302701098
25/04/2018 - 21:04:07,8.853840827941895,126,91.33106031188865,34.66893968811135,49.49373733746952,-7.1681013966322755
25/04/2018 - 21:04:10,9.926393508911133,125,95.20673039020916,29.793269609790837,49.875610506516544,-7.185499762828718
25/04/2018 - 21:04:13,11.45766544342041,119,85.65832667146583,33.34167332853418,50.28127862059123,-7.363084391165061
25/04/2018 - 21:04:16,13.28254508972168,118,80.13052366853609,37.86947633146392,50.71177292458336,-7.44498783730515
25/04/2018 - 21:04:19,14.06112289428711,117,77.76827062737243,39.23172937262757,51.180174488409804,-7.525339018032943
25/04/2018 - 21:04:22,13.002710342407227,113,82.2630780126764,30.736921987323594,51.61993895357692,-7.651107667444577
25/04/2018 - 21:04:25,9.76550006866455,112,131.82219446120763,-19.82219446120763,49.06593902148707,-7.103099164627043
25/04/2018 - 21:04:28,8.831268310546875,127,90.83670101369162,36.163298986308384,49.528417641768385,-7.1586478027124905
25/04/2018 - 21:04:31,11.348796844482422,124,94.96141920565745,29.03858079434255,49.90740614818101,-7.198274065278547
25/04/2018 - 21:04:34,10.58321762084961,119,84.90388621956842,34.09611378043157,50.31702588689041,-7.369134783241599
25/04/2018 - 21:04:37,13.28254508972168,118,79.49172943344249,38.508270566557506,50.751688852105616,-7.451157584619412
25/04/2018 - 21:04:40,14.06112289428711,116,76.30226984822528,39.69773015177472,51.22943198196325,-7.531723457907978
25/04/2018 - 21:04:43,13.938040733337402,112,81.61606292637723,30.38393707362278,51.66187356569338,-7.675429568901515
25/04/2018 - 21:04:46,9.76550006866455,114,123.98752808003806,-9.987528080038068,49.106843547319535,-7.140890081615644
25/04/2018 - 21:04:49,8.662476539611816,128,90.53243479352255,37.46756520647745,49.56282680934475,-7.148606717721017
25/04/2018 - 21:04:52,11.348796844482422,123,95.0861403235688,27.91385967643121,49.93234488330794,-7.215303891354729
25/04/2018 - 21:04:55,10.58321762084961,119,85.39480546942728,33.60519453057272,50.351196327391435,-7.375978289546727
25/04/2018 - 21:04:58,13.28254508972168,118,79.49436590391292,38.50563409608707,50.79094691000011,-7.4581513000254045
25/04/2018 - 21:05:01,13.824127197265625,116,76.04065188407199,39.959348115928016,51.262096057354135,-7.535794670004195
25/04/2018 - 21:05:04,13.938040733337402,112,81.11402432012098,30.885975679879028,51.68476296944707,-7.687749009784443
25/04/2018 - 21:05:07,9.76550006866455,115,116.6349960580399,-1.634996058039897,49.149049017369165,-7.168454607479301
25/04/2018 - 21:05:10,8.662476539611816,128,91.10486179802078,36.895138201979215,49.594578532866855,-7.1448863824758195
25/04/2018 - 21:05:13,11.348796844482422,122,94.80698223893783,27.19301776106217,49.96418781944613,-7.236484735578399
25/04/2018 - 21:05:16,10.58321762084961,119,85.37464791135328,33.62535208864672,50.385920692690505,-7.3822272538343165
25/04/2018 - 21:05:19,13.349344253540039,118,79.4831774524416,38.5168225475584,50.83025495331823,-7.465259730922952
25/04/2018 - 21:05:22,13.824127197265625,116,76.2027441562964,39.79725584370359,51.301930815488966,-7.541683229345995
25/04/2018 - 21:05:25,13.938040733337402,112,81.1747405224456,30.8252594775544,51.72193427654475,-7.709127137485735
25/04/2018 - 21:05:28,9.76550006866455,117,111.29301019002222,5.706989809977777,49.191888159719504,-7.187283546324617
25/04/2018 - 21:05:31,8.662476539611816,128,91.25896698232549,36.74103301767451,49.626797776302546,-7.140923842405492
25/04/2018 - 21:05:34,11.348796844482422,121,94.52782415430687,26.47217584569313,49.99589686306905,-7.258277191098238
25/04/2018 - 21:05:37,10.982941627502441,119,85.27176247355239,33.728237526447614,50.42077884862896,-7.3888212274884895
25/04/2018 - 21:05:40,13.349344253540039,117,78.42314094344272,38.576859056557275,50.86976830888556,-7.472496024120092
25/04/2018 - 21:05:43,13.824127197265625,116,75.69725204600587,40.30274795399412,51.34244146380016,-7.546419273068884
25/04/2018 - 21:05:46,13.938040733337402,111,79.56237131520645,31.437628684793555,51.75992946122586,-7.729443794471088
25/04/2018 - 21:06:04,13.824127197265625,116,75.85934431823031,40.140655681769694,51.38229074717918,-7.551942353269924
25/04/2018 - 21:06:07,13.651578903198242,111,80.3870794404258,30.61292055957421,51.7955600217667,-7.7520628972024515
25/04/2018 - 21:06:10,9.76550006866455,120,102.50593742873096,17.494062571269048,49.276421769078866,-7.20424397162476
25/04/2018 - 21:06:13,9.499436378479004,128,92.4352863733937,35.5647136266063,49.69069014413902,-7.1375167899723255
25/04/2018 - 21:06:16,12.105143547058105,120,90.87543049381516,29.12456950618484,50.07593875320035,-7.296040827974632
25/04/2018 - 21:06:19,10.982941627502441,119,84.81872950838702,34.18127049161298,50.49113238847505,-7.4050083755742815
25/04/2018 - 21:06:22,13.349344253540039,117,78.30306792544496,38.69693207455503,50.948792037111886,-7.4870696213964125
25/04/2018 - 21:06:25,13.370643615722656,116,76.90488539318339,39.09511460681661,51.42018668238239,-7.560257867736743
25/04/2018 - 21:06:28,13.651578903198242,110,81.02123274520532,28.97876725479468,51.82880709854587,-7.777884812546989
25/04/2018 - 21:06:31,9.344131469726562,121,98.95023065267942,22.049769347320574,49.317021042312334,-7.2045522792462355
25/04/2018 - 21:06:34,9.499436378479004,128,94.15239030196446,33.84760969803554,49.7219761362713,-7.14334260142085
25/04/2018 - 21:06:37,12.105143547058105,119,88.65681738174936,30.343182618250637,50.10602331890168,-7.307582640633642
25/04/2018 - 21:06:40,11.394429206848145,119,84.03179304231662,34.968206957683385,50.52776936936631,-7.41027513490111
25/04/2018 - 21:06:43,13.91848373413086,117,78.20162482193365,38.79837517806636,50.99653675499758,-7.498102455150938
25/04/2018 - 21:06:46,13.370643615722656,115,77.76192046412723,37.238079535872764,51.456400518774146,-7.572332889507889
25/04/2018 - 21:06:49,13.651578903198242,110,81.99613424027578,28.00386575972422,51.86244200724379,-7.804288425440349
25/04/2018 - 21:07:00,10.58321762084961,119,85.2603380149223,33.739661985077696,50.40686663893013,-7.3858349677694966
25/04/2018 - 21:07:03,13.349344253540039,117,78.58809415297881,38.411905847021195,50.84592740704072,-7.468354181150202
25/04/2018 - 21:07:06,13.824127197265625,116,76.1340641886832,39.86593581131681,51.31800080203543,-7.543794213389681
25/04/2018 - 21:07:09,13.938040733337402,111,79.67270191618935,31.32729808381065,51.744877709284445,-7.721189091474962
25/04/2018 - 21:07:12,9.76550006866455,117,108.59874691977048,8.401253080229527,49.20904195996856,-7.192680414333615
25/04/2018 - 21:07:15,8.662476539611816,128,91.40427342008607,36.59572657991392,49.63960894692307,-7.1395306226110336
25/04/2018 - 21:07:18,11.75673770904541,120,93.22372482127211,26.776275178727882,50.01646444741189,-7.269964006149409
25/04/2018 - 21:07:21,10.982941627502441,119,85.18115588051931,33.81884411948069,50.43484711243096,-7.3921252186458934
25/04/2018 - 21:07:24,13.349344253540039,117,78.52805764397993,38.47194235602007,50.88544174195215,-7.475567603422099
25/04/2018 - 21:07:27,13.824127197265625,116,75.62857207839266,40.37142792160734,51.35851360007311,-7.548455511178025
25/04/2018 - 21:07:30,13.651578903198242,111,79.73341811851398,31.266581881486022,51.78214306668924,-7.742151103236547
25/04/2018 - 21:07:33,9.76550006866455,119,103.5265032629957,15.47349673700429,49.25981655748843,-7.202690991547086
25/04/2018 - 21:07:36,8.662476539611816,128,91.97670042458432,36.023299575415685,49.671442222500694,-7.136522792769511
25/04/2018 - 21:07:39,12.105143547058105,120,91.49710407120607,28.50289592879393,50.05379180814971,-7.286443085131932
25/04/2018 - 21:07:42,10.982941627502441,119,84.9093361014201,34.090663898579905,50.47705930531821,-7.401837552541322
25/04/2018 - 21:07:45,13.349344253540039,117,78.46802113498106,38.53197886501895,50.924953486141824,-7.482860562499028
25/04/2018 - 21:07:48,13.370643615722656,116,75.79066435061708,40.209335649382915,51.398365619716955,-7.5539053269625
25/04/2018 - 21:07:51,13.651578903198242,110,80.36757142329351,29.63242857670649,51.815559928542626,-7.767378048580262
25/04/2018 - 21:07:54,9.76550006866455,120,100.48537159446619,19.514628405533806,49.2930402866275,-7.204910198012011
25/04/2018 - 21:07:57,9.499436378479004,128,93.03038001341956,34.96961998658044,49.703305234128734,-7.139590219743345
25/04/2018 - 21:08:00,12.105143547058105,119,89.26612393778225,29.73387606221774,50.09096690794174,-7.301931863612744
25/04/2018 - 21:08:03,11.394429206848145,119,84.31259588119644,34.68740411880356,50.512924550395645,-7.40865236632818
25/04/2018 - 21:08:06,13.91848373413086,117,78.40798462598218,38.592015374017826,50.964467378293705,-7.490095341632097
25/04/2018 - 21:08:09,13.370643615722656,116,77.64769942156093,38.35230057843907,51.43469690241954,-7.5648650492143945
25/04/2018 - 21:08:12,13.651578903198242,110,82.00172472807304,27.99827527192696,51.8485445859281,-7.794087032016505
25/04/2018 - 21:08:15,9.344131469726562,121,97.42537262802503,23.574627371974962,49.33267300988286,-7.203562606412895
25/04/2018 - 21:08:18,9.499436378479004,127,93.2887442849781,33.711255715021906,49.73508382706592,-7.145314900241108
25/04/2018 - 21:08:21,12.105143547058105,119,88.61971631767533,30.380283682324677,50.12762373857406,-7.3169445067034635
25/04/2018 - 21:08:24,12.473884582519531,119,83.66230761552708,35.33769238447291,50.5502025846079,-7.41350149184644
25/04/2018 - 21:08:27,12.923474311828613,117,77.8139643821086,39.18603561789141,51.00489817995252,-7.4996018235870245
25/04/2018 - 21:08:30,13.370643615722656,115,77.859049398997,37.140950601003,51.47151194327084,-7.576738283309939
25/04/2018 - 21:08:33,13.651578903198242,109,80.65812260372536,28.341877396274647,51.88367653338798,-7.819232789395679
25/04/2018 - 21:08:36,9.344131469726562,123,96.09669876871489,26.903301231285116,49.37109279992118,-7.199004431783979
25/04/2018 - 21:08:39,9.499436378479004,127,93.62962924251218,33.37037075748782,49.76785270908137,-7.150451289986795
25/04/2018 - 21:08:42,11.45766544342041,119,88.13857991156479,30.861420088435203,50.16406762420674,-7.331405101118862
25/04/2018 - 21:08:45,12.473884582519531,119,83.21889467597859,35.78110532402142,50.5881555790099,-7.421809309413377
25/04/2018 - 21:08:48,13.385372161865234,117,78.43981167133109,38.56018832866892,51.043400709510905,-7.505692029087704
25/04/2018 - 21:08:51,12.576377868652344,115,79.24483171641606,35.75516828358395,51.50747389348947,-7.589327948531142
25/04/2018 - 21:08:54,12.673235893249512,109,81.94349391543047,27.056506084569538,51.915733314050485,-7.846016221826624
25/04/2018 - 21:08:57,9.344131469726562,124,93.89695056335827,30.10304943664172,49.40908358455124,-7.19122592426696
25/04/2018 - 21:09:00,9.926393508911133,126,93.34088974195143,32.65911025804857,49.800158994738474,-7.157085404575953
25/04/2018 - 21:09:03,11.45766544342041,119,87.08684828086159,31.913151719138416,50.20098951438894,-7.3418550921289905
25/04/2018 - 21:09:06,12.473884582519531,118,81.77548173643007,36.22451826356993,50.62613237728376,-7.4296707863689155
25/04/2018 - 21:09:09,13.385372161865234,117,78.71504271526592,38.284957284734084,51.0903405098239,-7.5126688003567725
25/04/2018 - 21:09:12,13.002710342407227,114,79.98938006115692,34.01061993884308,51.54059914755571,-7.604459112248372
25/04/2018 - 21:09:15,12.673235893249512,108,83.35382176179662,24.64617823820338,51.944230324474766,-7.875121698651382
25/04/2018 - 21:09:18,8.853840827941895,125,92.4261930736532,32.57380692634681,49.44568589871384,-7.181555608701876
25/04/2018 - 21:09:21,9.926393508911133,126,94.57493650793691,31.42506349206308,49.83160976830804,-7.168376599238237
25/04/2018 - 21:09:24,11.45766544342041,119,86.58842163650294,32.41157836349706,50.23729349305193,-7.352133373677124
25/04/2018 - 21:09:27,12.473884582519531,118,81.33206879688157,36.667931203118435,50.66413075357996,-7.437084931830671
25/04/2018 - 21:09:30,14.06112289428711,117,78.65145280352849,38.34854719647152,51.12238897875902,-7.517583274608777
25/04/2018 - 21:09:33,13.002710342407227,114,82.13831729406851,31.861682705931493,51.572965433942365,-7.623957010121877
25/04/2018 - 21:09:36,9.76550006866455,109,144.24828632422114,-35.248286324221134,49.019783220143246,-7.040125370989355
25/04/2018 - 21:09:39,8.853840827941895,126,91.90349234335919,34.09650765664081,49.4800729894633,-7.172179851527281
25/04/2018 - 21:09:42,9.926393508911133,125,94.37043074051043,30.62956925948957,49.85692831522747,-7.177814036526367
25/04/2018 - 21:09:45,11.45766544342041,119,85.9683583264782,33.031641673521804,50.266611384074935,-7.359554679383878
25/04/2018 - 21:09:48,13.28254508972168,118,80.64261364479913,37.35738635520088,50.695550797427956,-7.442568166798293
25/04/2018 - 21:09:51,14.06112289428711,117,77.92360422042148,39.07639577957852,51.16376027424763,-7.523072784563206
25/04/2018 - 21:09:54,13.002710342407227,113,81.60163280875223,31.39836719124777,51.60003917989626,-7.639127309376604
25/04/2018 - 21:09:57,9.76550006866455,111,135.47018029582168,-24.47018029582167,49.050006666856305,-7.084520156611665
25/04/2018 - 21:10:00,8.831268310546875,126,90.39496232911367,35.605037670886325,49.51455330021726,-7.162359925023964
25/04/2018 - 21:10:03,9.926393508911133,124,94.60447750649593,29.39552249350408,49.88822917004022,-7.190611940765196
25/04/2018 - 21:10:06,10.58321762084961,119,85.32081068914431,33.67918931085568,50.30269262773674,-7.3671664430712065
25/04/2018 - 21:10:09,13.28254508972168,118,79.36238870414152,38.637611295858484,50.736116418839984,-7.448197983623359
25/04/2018 - 21:10:12,14.06112289428711,117,77.87478483828323,39.125215161716774,51.20445694412229,-7.529094866638497
25/04/2018 - 21:10:15,13.002710342407227,113,82.49473577001827,30.505264229981734,51.63341983863881,-7.658959293522056
25/04/2018 - 21:10:18,9.76550006866455,113,126.62496776067161,-13.624967760671616,49.0903866986908,-7.127135795779017
25/04/2018 - 21:10:21,8.831268310546875,127,90.27843969826955,36.72156030173044,49.54224628285786,-7.154734059298176
25/04/2018 - 21:10:24,11.348796844482422,123,94.79780355742118,28.202196442578824,49.919571303647515,-7.207003214272578
25/04/2018 - 21:10:27,10.58321762084961,119,85.3006531310703,33.69934686892969,50.33741791807694,-7.373340202358668
25/04/2018 - 21:10:30,13.28254508972168,118,79.36502517461196,38.63497482538805,50.775374525370026,-7.455188103966084
25/04/2018 - 21:10:33,14.06112289428711,116,76.56411765218513,39.435882347814875,51.237301612551825,-7.5332162550140795
25/04/2018 - 21:10:36,13.938040733337402,112,81.22435492110388,30.775645078896122,51.6697576190233,-7.679283944526197
25/04/2018 - 21:10:39,9.76550006866455,115,119.80084753348254,-4.800847533482546,49.132102134512074,-7.1585497865770815
25/04/2018 - 21:10:42,8.662476539611816,128,90.67774123128314,37.322258768716864,49.57560942076928,-7.146974729696073
25/04/2018 - 21:10:45,11.348796844482422,122,94.51864547279021,27.481354527209785,49.95146644121083,-7.227938900702113
25/04/2018 - 21:10:48,10.58321762084961,119,85.2804955729963,33.71950442700369,50.372142149188285,-7.37959468234863
25/04/2018 - 21:10:51,13.28254508972168,118,79.62370663321391,38.37629336678609,50.80651688364982,-7.461169936228774
25/04/2018 - 21:10:54,13.824127197265625,116,75.97197191645876,40.02802808354124,51.27816302634295,-7.537978637404183
25/04/2018 - 21:10:57,13.938040733337402,112,81.28507112342851,30.714928876571495,51.7069050825956,-7.700765759342102
25/04/2018 - 21:11:00,9.76550006866455,116,112.98727346027397,3.0127265397260277,49.1749025690008,-7.180674810165226
25/04/2018 - 21:11:03,8.662476539611816,128,91.25016823578137,36.74983176421863,49.60737522759807,-7.143372856699684
25/04/2018 - 21:11:06,11.348796844482422,121,94.23948738815926,26.760512611840745,49.98322962196133,-7.249486935879858
25/04/2018 - 21:11:09,10.58321762084961,119,85.2603380149223,33.739661985077696,50.40686663893013,-7.3858349677694966
25/04/2018 - 21:11:12,13.349344253540039,117,78.58809415297881,38.411905847021195,50.84592740704072,-7.468354181150202
25/04/2018 - 21:11:15,13.824127197265625,116,75.99670425345676,40.00329574654325,51.350143820208665,-7.547927487485288
25/04/2018 - 21:11:18,13.938040733337402,111,79.67270191618935,31.32729808381065,51.744877709284445,-7.721189091474962
25/04/2018 - 21:11:21,9.76550006866455,117,108.59874691977048,8.401253080229527,49.20904195996856,-7.192680414333615
25/04/2018 - 21:11:24,8.662476539611816,128,91.40427342008607,36.59572657991392,49.63960894692307,-7.1395306226110336
25/04/2018 - 21:11:27,11.75673770904541,120,93.22372482127211,26.776275178727882,50.01646444741189,-7.269964006149409
25/04/2018 - 21:11:30,10.982941627502441,119,84.87066259406822,34.129337405931786,50.44216915206125,-7.393436002657611
25/04/2018 - 21:11:33,13.349344253540039,117,78.52805764397993,38.47194235602007,50.88544174195215,-7.475567603422099
25/04/2018 - 21:11:36,13.824127197265625,116,75.92802428584352,40.07197571415647,51.366216806443184,-7.549949732635621
25/04/2018 - 21:11:39,13.651578903198242,111,80.06024877946989,30.939751220530116,51.788859773937354,-7.747077077651179
25/04/2018 - 21:11:42,9.76550006866455,119,103.5265032629957,15.47349673700429,49.25981655748843,-7.202690991547086
25/04/2018 - 21:11:45,8.662476539611816,128,91.97670042458432,36.023299575415685,49.671442222500694,-7.136522792769511
25/04/2018 - 21:11:48,12.105143547058105,120,91.49710407120607,28.50289592879393,50.05379180814971,-7.286443085131932
25/04/2018 - 21:11:51,10.982941627502441,119,84.9093361014201,34.090663898579905,50.47705930531821,-7.401837552541322
25/04/2018 - 21:11:54,13.349344253540039,117,78.19815122490778,38.80184877509223,50.933119682134695,-7.483951679619385
25/04/2018 - 21:11:57,13.370643615722656,116,75.79066435061708,40.209335649382915,51.398365619716955,-7.5539053269625
25/04/2018 - 21:12:00,13.651578903198242,110,80.36757142329351,29.63242857670649,51.815559928542626,-7.767378048580262
25/04/2018 - 21:12:03,9.76550006866455,120,100.48537159446619,19.514628405533806,49.2930402866275,-7.204910198012011
25/04/2018 - 21:12:06,9.499436378479004,128,93.03038001341956,34.96961998658044,49.703305234128734,-7.139590219743345
25/04/2018 - 21:12:09,12.105143547058105,119,89.26612393778225,29.73387606221774,50.09096690794174,-7.301931863612744
25/04/2018 - 21:12:12,11.394429206848145,119,84.31259588119644,34.68740411880356,50.512924550395645,-7.40865236632818
25/04/2018 - 21:12:15,13.91848373413086,117,78.40798462598218,38.592015374017826,50.964467378293705,-7.490095341632097
25/04/2018 - 21:12:18,13.370643615722656,116,77.64769942156093,38.35230057843907,51.43469690241954,-7.5648650492143945
25/04/2018 - 21:12:21,13.651578903198242,110,82.00172472807304,27.99827527192696,51.8485445859281,-7.794087032016505
25/04/2018 - 21:12:24,9.344131469726562,122,97.75963785616301,24.240362143836993,49.34037377310074,-7.202921903246357
25/04/2018 - 21:12:27,9.499436378479004,127,93.2887442849781,33.711255715021906,49.73508382706592,-7.145314900241108
25/04/2018 - 21:12:30,12.105143547058105,119,88.61971631767533,30.380283682324677,50.12762373857406,-7.3169445067034635
25/04/2018 - 21:12:33,12.473884582519531,119,83.66230761552708,35.33769238447291,50.5502025846079,-7.41350149184644
25/04/2018 - 21:12:36,12.923474311828613,117,77.8139643821086,39.18603561789141,51.00489817995252,-7.4996018235870245
25/04/2018 - 21:12:39,13.370643615722656,115,77.859049398997,37.140950601003,51.47151194327084,-7.576738283309939
25/04/2018 - 21:12:42,13.651578903198242,109,80.65812260372536,28.341877396274647,51.88367653338798,-7.819232789395679
25/04/2018 - 21:12:45,9.344131469726562,123,96.09669876871489,26.903301231285116,49.37109279992118,-7.199004431783979
25/04/2018 - 21:12:48,9.499436378479004,127,93.62962924251218,33.37037075748782,49.76785270908137,-7.150451289986795
25/04/2018 - 21:12:51,11.45766544342041,119,88.13857991156479,30.861420088435203,50.16406762420674,-7.331405101118862
25/04/2018 - 21:12:54,12.473884582519531,119,83.21889467597859,35.78110532402142,50.5881555790099,-7.421809309413377
25/04/2018 - 21:12:57,13.385372161865234,117,78.43981167133109,38.56018832866892,51.043400709510905,-7.505692029087704
25/04/2018 - 21:13:00,12.576377868652344,115,79.24483171641606,35.75516828358395,51.50747389348947,-7.589327948531142
25/04/2018 - 21:13:03,12.673235893249512,109,81.94349391543047,27.056506084569538,51.915733314050485,-7.846016221826624
25/04/2018 - 21:13:06,9.344131469726562,124,93.89695056335827,30.10304943664172,49.40908358455124,-7.19122592426696
25/04/2018 - 21:13:09,9.926393508911133,126,93.34088974195143,32.65911025804857,49.800158994738474,-7.157085404575953
25/04/2018 - 21:13:13,10.58321762084961,119,85.09219089628237,33.90780910371763,50.344584582581184,-7.374341175496676
25/04/2018 - 21:13:15,12.473884582519531,118,81.77548173643007,36.22451826356993,50.62613237728376,-7.4296707863689155
25/04/2018 - 21:13:18,13.385372161865234,117,78.34597269790427,38.65402730209573,51.082849534482115,-7.511029315155292
25/04/2018 - 21:13:21,13.002710342407227,114,79.98938006115692,34.01061993884308,51.54059914755571,-7.604459112248372
25/04/2018 - 21:13:24,12.673235893249512,108,83.35382176179662,24.64617823820338,51.944230324474766,-7.875121698651382
25/04/2018 - 21:13:27,8.853840827941895,125,92.4261930736532,32.57380692634681,49.44568589871384,-7.181555608701876
25/04/2018 - 21:13:30,9.926393508911133,126,94.57493650793691,31.42506349206308,49.83160976830804,-7.168376599238237
25/04/2018 - 21:13:33,11.45766544342041,119,86.58842163650294,32.41157836349706,50.23729349305193,-7.352133373677124
25/04/2018 - 21:13:36,12.473884582519531,118,81.33206879688157,36.667931203118435,50.66413075357996,-7.437084931830671
25/04/2018 - 21:13:39,14.06112289428711,117,78.65145280352849,38.34854719647152,51.12238897875902,-7.517583274608777
25/04/2018 - 21:13:42,13.002710342407227,114,82.13831729406851,31.861682705931493,51.572965433942365,-7.623957010121877
25/04/2018 - 21:13:45,9.76550006866455,109,147.58282539550865,-38.58282539550865,49.012448781245396,-7.026996670344075
25/04/2018 - 21:13:48,8.853840827941895,126,91.90349234335919,34.09650765664081,49.4800729894633,-7.172179851527281
25/04/2018 - 21:13:51,9.926393508911133,125,94.80898327392241,30.191016726077592,49.86297809640861,-7.180519606742647
25/04/2018 - 21:13:54,11.45766544342041,119,85.53669000579973,33.46330999420028,50.27424657700581,-7.360996812513544
25/04/2018 - 21:13:57,13.28254508972168,118,80.3865686566676,37.6134313433324,50.703661068258555,-7.443805939769684
25/04/2018 - 21:14:00,14.06112289428711,117,77.92360422042148,39.07639577957852,51.16376027424763,-7.523072784563206
25/04/2018 - 21:14:03,13.002710342407227,113,82.03142025533455,30.968579744665455,51.6064394899991,-7.643345528748721
25/04/2018 - 21:14:06,9.76550006866455,111,135.47018029582168,-24.47018029582167,49.050006666856305,-7.084520156611665
25/04/2018 - 21:14:09,8.831268310546875,126,90.39496232911367,35.605037670886325,49.51455330021726,-7.162359925023964
25/04/2018 - 21:14:12,9.926393508911133,124,94.5636720893707,29.436327910629306,49.89480805993388,-7.192961110707006
25/04/2018 - 21:14:15,10.58321762084961,119,85.11234845435638,33.88765154564363,50.30985929570315,-7.368170555500142
25/04/2018 - 21:14:18,13.28254508972168,118,79.74777442157401,38.252225578425985,50.7435737324522,-7.450114777767844
25/04/2018 - 21:14:21,14.06112289428711,117,77.87478483828323,39.125215161716774,51.20445694412229,-7.529094866638497
25/04/2018 - 21:14:24,13.002710342407227,113,82.2966060807778,30.70339391922219,51.64051233343608,-7.6625545735189
25/04/2018 - 21:14:27,9.76550006866455,113,126.62496776067161,-13.624967760671616,49.0903866986908,-7.127135795779017
25/04/2018 - 21:14:30,8.831268310546875,127,90.0906961089446,36.909303891055394,49.54905333641333,-7.152820640124117
25/04/2018 - 21:14:33,11.348796844482422,123,94.94197194049498,28.058028059505016,49.925960655018756,-7.211141277180678
25/04/2018 - 21:14:36,10.58321762084961,119,85.09219089628237,33.90780910371763,50.344584582581184,-7.374341175496676
25/04/2018 - 21:14:39,13.28254508972168,118,79.75041089204444,38.24958910795555,50.782831801949634,-7.457107038261846
25/04/2018 - 21:14:42,14.06112289428711,116,76.14693625517623,39.85306374482377,51.24585570132378,-7.533713320135425
25/04/2018 - 21:14:45,13.938040733337402,112,81.50573232539432,30.494267674605684,51.67687467370925,-7.683916920425247
25/04/2018 - 21:14:48,9.76550006866455,115,119.80084753348254,-4.800847533482546,49.132102134512074,-7.1585497865770815
25/04/2018 - 21:14:51,8.662476539611816,128,90.9595553602602,37.0404446397398,49.58178759096721,-7.1464476364317795
25/04/2018 - 21:14:54,11.348796844482422,122,94.66281385586402,27.337186144135977,49.957829788863855,-7.232199578329756
25/04/2018 - 21:14:57,10.58321762084961,119,85.2804955729963,33.71950442700369,50.372142149188285,-7.37959468234863
25/04/2018 - 21:15:00,13.28254508972168,118,79.36766164508239,38.632338354917614,50.8146325222505,-7.462186895590513
25/04/2018 - 21:15:03,13.824127197265625,116,76.27142412390964,39.72857587609037,51.285861874228296,-7.539542710589326
25/04/2018 - 21:15:06,13.938040733337402,112,81.28507112342851,30.714928876571495,51.7069050825956,-7.700765759342102
25/04/2018 - 21:15:09,9.76550006866455,116,112.98727346027397,3.0127265397260277,49.1749025690008,-7.180674810165226
25/04/2018 - 21:15:12,8.662476539611816,128,91.11366054456491,36.8863394554351,49.613992159195924,-7.142364909929999
25/04/2018 - 21:15:15,11.348796844482422,121,94.38365577123307,26.616344228766938,49.98956599762401,-7.253869861601562
25/04/2018 - 21:15:18,10.58321762084961,119,85.2603380149223,33.739661985077696,50.40686663893013,-7.3858349677694966
25/04/2018 - 21:15:21,13.349344253540039,117,78.31822424290553,38.68177575709448,50.85409320418822,-7.469470021628725
25/04/2018 - 21:15:24,13.824127197265625,116,75.7659320136191,40.2340679863809,51.32637031559582,-7.544353444182171
25/04/2018 - 21:15:27,13.938040733337402,111,79.67270191618935,31.32729808381065,51.744877709284445,-7.721189091474962
25/04/2018 - 21:15:30,9.76550006866455,118,108.4537245154407,9.546275484559304,49.21740581418965,-7.195033584855804
25/04/2018 - 21:15:33,8.662476539611816,128,91.68608754906313,36.31391245093686,49.645799037181945,-7.139119118901591
25/04/2018 - 21:15:36,11.75673770904541,120,93.22372482127211,26.776275178727882,50.01646444741189,-7.269964006149409
25/04/2018 - 21:15:39,10.982941627502441,119,84.87066259406822,34.129337405931786,50.44216915206125,-7.393436002657611
25/04/2018 - 21:15:42,13.349344253540039,117,78.25818773390665,38.741812266093355,50.8936077429175,-7.476671092641946
25/04/2018 - 21:15:45,13.824127197265625,116,75.62857207839266,40.37142792160734,51.35851360007311,-7.548455511178025
25/04/2018 - 21:15:48,13.651578903198242,111,79.73341811851398,31.266581881486022,51.78214306668924,-7.742151103236547
25/04/2018 - 21:15:51,9.76550006866455,119,103.5265032629957,15.47349673700429,49.25981655748843,-7.202690991547086
25/04/2018 - 21:15:54,9.499436378479004,128,91.84019273336784,36.15980726663216,49.678074987344274,-7.135638513844072
25/04/2018 - 21:15:57,12.105143547058105,120,91.49710407120607,28.50289592879393,50.05379180814971,-7.286443085131932
25/04/2018 - 21:16:00,10.982941627502441,119,84.9093361014201,34.090663898579905,50.47705930531821,-7.401837552541322
25/04/2018 - 21:16:03,13.349344253540039,117,78.19815122490778,38.80184877509223,50.933119682134695,-7.483951679619385
25/04/2018 - 21:16:06,13.370643615722656,116,75.79066435061708,40.209335649382915,51.398365619716955,-7.5539053269625
25/04/2018 - 21:16:09,13.651578903198242,110,80.36757142329351,29.63242857670649,51.815559928542626,-7.767378048580262
25/04/2018 - 21:16:12,9.344131469726562,120,99.47508867733382,20.524911322666185,49.30134815525259,-7.2049104963330475
25/04/2018 - 21:16:15,9.499436378479004,128,93.03038001341956,34.96961998658044,49.703305234128734,-7.139590219743345
25/04/2018 - 21:16:18,12.105143547058105,119,89.26612393778225,29.73387606221774,50.09096690794174,-7.301931863612744
25/04/2018 - 21:16:21,11.394429206848145,119,84.31259588119644,34.68740411880356,50.512924550395645,-7.40865236632818
25/04/2018 - 21:16:24,13.91848373413086,117,78.02032418615713,38.97967581384288,50.972827172915856,-7.491640574819576
25/04/2018 - 21:16:27,13.370643615722656,116,78.0191064357497,37.9808935642503,51.44193996825113,-7.5672801165175105
25/04/2018 - 21:16:30,13.651578903198242,110,82.00172472807304,27.99827527192696,51.8485445859281,-7.794087032016505
25/04/2018 - 21:16:33,9.344131469726562,122,97.75963785616301,24.240362143836993,49.34037377310074,-7.202921903246357
25/04/2018 - 21:16:36,9.499436378479004,127,93.35692127648491,33.64307872351509,49.74163766075718,-7.146318669865791
25/04/2018 - 21:16:39,12.105143547058105,119,88.61971631767533,30.380283682324677,50.12762373857406,-7.3169445067034635
25/04/2018 - 21:16:42,12.473884582519531,119,83.66230761552708,35.33769238447291,50.5502025846079,-7.41350149184644
25/04/2018 - 21:16:45,13.385372161865234,117,78.25632430870786,38.74367569129215,51.01209969618698,-7.501240469660541
25/04/2018 - 21:16:48,13.370643615722656,115,78.23045641318578,36.76954358681423,51.47872642294314,-7.579395990247263
25/04/2018 - 21:16:51,13.651578903198242,109,80.65812260372536,28.341877396274647,51.88367653338798,-7.819232789395679
25/04/2018 - 21:16:54,9.344131469726562,123,95.43096399685285,27.569036003147147,49.37874643393866,-7.197687029565877
25/04/2018 - 21:16:57,9.499436378479004,127,93.697806234019,33.302193765981,49.77440635489536,-7.151513846028755
25/04/2018 - 21:17:00,11.45766544342041,119,88.13857991156479,30.861420088435203,50.16406762420674,-7.331405101118862
25/04/2018 - 21:17:03,12.473884582519531,119,83.21889467597859,35.78110532402142,50.5881555790099,-7.421809309413377
25/04/2018 - 21:17:06,13.385372161865234,117,78.16248533528105,38.83751466471895,51.051555407288156,-7.506376763566406
25/04/2018 - 21:17:09,12.576377868652344,115,79.13493686177509,35.86506313822491,51.51460380156617,-7.591367124801171
25/04/2018 - 21:17:12,12.673235893249512,109,81.94349391543047,27.056506084569538,51.915733314050485,-7.846016221826624
25/04/2018 - 21:17:15,9.344131469726562,124,93.23121579149625,30.76878420850375,49.41666788812437,-7.189262006608224
25/04/2018 - 21:17:18,9.926393508911133,126,93.77944227536341,32.22055772463659,49.8062443856138,-7.159468265210296
25/04/2018 - 21:17:21,11.45766544342041,119,87.08684828086159,31.913151719138416,50.20098951438894,-7.3418550921289905
25/04/2018 - 21:17:24,12.473884582519531,118,81.77548173643007,36.22451826356993,50.62613237728376,-7.4296707863689155
25/04/2018 - 21:17:27,13.385372161865234,117,78.71504271526592,38.284957284734084,51.0903405098239,-7.5126688003567725
25/04/2018 - 21:17:30,13.002710342407227,114,80.41916750773925,33.58083249226076,51.547106527292215,-7.608202459230868
25/04/2018 - 21:17:33,12.673235893249512,108,83.35382176179662,24.64617823820338,51.944230324474766,-7.875121698651382
25/04/2018 - 21:17:36,8.853840827941895,125,92.04835640630027,32.95164359369973,49.452657854039636,-7.179711380456195
25/04/2018 - 21:17:39,9.926393508911133,125,94.01348904134889,30.986510958651102,49.83767437735991,-7.170955661588468
25/04/2018 - 21:17:42,11.45766544342041,119,86.15675331582446,32.84324668417553,50.24492530230079,-7.3537014260228775
25/04/2018 - 21:17:45,12.473884582519531,118,81.24338620897186,36.75661379102814,50.67173282223454,-7.438513995579257
25/04/2018 - 21:17:48,14.06112289428711,117,78.23427140651958,38.76572859348042,51.130939983187815,-7.5183335473164306
25/04/2018 - 21:17:51,13.002710342407227,114,82.56810474065082,31.431895259349176,51.57938570347571,-7.628089990861329
25/04/2018 - 21:17:54,9.76550006866455,109,144.24828632422114,-35.248286324221134,49.019783220143246,-7.040125370989355
25/04/2018 - 21:17:57,8.853840827941895,126,91.52565567600627,34.474344323993726,49.48700605110984,-7.170054034520441
25/04/2018 - 21:18:00,9.926393508911133,125,94.76817785679718,30.231822143202816,49.86956855899598,-7.182731012688112
25/04/2018 - 21:18:03,11.45766544342041,119,85.53669000579973,33.46330999420028,50.27424657700581,-7.360996812513544
25/04/2018 - 21:18:06,13.28254508972168,118,80.3865686566676,37.6134313433324,50.703661068258555,-7.443805939769684
25/04/2018 - 21:18:09,14.06112289428711,117,78.18545202438133,38.81454797561867,51.17162179102093,-7.524697097101037
25/04/2018 - 21:18:12,13.002710342407227,113,81.83329056609409,31.16670943390591,51.61354877893,-7.64684689102249
25/04/2018 - 21:18:15,9.76550006866455,111,132.9777630195179,-21.9777630195179,49.058066724937845,-7.094154295643095
25/04/2018 - 21:18:18,8.831268310546875,127,91.20721873978871,35.79278126021128,49.521394884982406,-7.160645122307109
25/04/2018 - 21:18:21,9.926393508911133,124,95.00222462278268,28.997775377217327,49.90083350257091,-7.195856057040034
25/04/2018 - 21:18:24,10.58321762084961,119,85.11234845435638,33.88765154564363,50.30985929570315,-7.368170555500142
25/04/2018 - 21:18:27,13.28254508972168,118,79.74777442157401,38.252225578425985,50.7435737324522,-7.450114777767844
25/04/2018 - 21:18:30,14.06112289428711,117,77.45760344127433,39.54239655872567,51.21301046091278,-7.529664414179682
25/04/2018 - 21:18:33,13.002710342407227,113,82.2966060807778,30.70339391922219,51.64051233343608,-7.6625545735189
25/04/2018 - 21:18:36,9.76550006866455,113,124.80624792035485,-11.806247920354842,49.09854639993724,-7.134209396869065
25/04/2018 - 21:18:39,8.831268310546875,127,89.72017838284751,37.2798216171525,49.55603795689505,-7.1506191290084296
25/04/2018 - 21:18:42,11.348796844482422,123,95.0861403235688,27.91385967643121,49.93234488330794,-7.215303891354729
25/04/2018 - 21:18:45,10.58321762084961,119,85.09219089628237,33.90780910371763,50.344584582581184,-7.374341175496676
25/04/2018 - 21:18:48,13.28254508972168,118,79.75041089204444,38.24958910795555,50.782831801949634,-7.457107038261846
25/04/2018 - 21:18:51,13.824127197265625,116,76.40878405913608,39.591215940863925,51.25372721833241,-7.535173158848907
25/04/2018 - 21:18:54,13.938040733337402,112,81.50573232539432,30.494267674605684,51.67687467370925,-7.683916920425247
25/04/2018 - 21:18:57,9.76550006866455,115,118.11686718036317,-3.1168671803631725,49.14066754943549,-7.163675640467238
25/04/2018 - 21:19:00,8.662476539611816,128,90.82304766904372,37.176952330956276,49.588397902284804,-7.145390400740727
25/04/2018 - 21:19:03,11.348796844482422,122,94.66281385586402,27.337186144135977,49.957829788863855,-7.232199578329756
25/04/2018 - 21:19:06,10.58321762084961,119,85.07203333820837,33.927966661791636,50.37930880936048,-7.380592511950301
25/04/2018 - 21:19:09,13.349344253540039,118,79.75304736251488,38.246952637485116,50.82208976178177,-7.464107974529379
25/04/2018 - 21:19:12,13.824127197265625,116,75.90329194884555,40.09670805115446,51.29423107417383,-7.540133103885153
25/04/2018 - 21:19:15,13.938040733337402,112,80.89336311815516,31.10663688184484,51.71480177870704,-7.70455319563708
25/04/2018 - 21:19:18,9.76550006866455,116,111.64014182514809,4.359858174851903,49.1833720092571,-7.184129833519531
25/04/2018 - 21:19:21,8.662476539611816,128,91.39547467354197,36.60452532645804,49.62017759601913,-7.141907106271867
25/04/2018 - 21:19:24,11.348796844482422,121,94.38365577123307,26.616344228766938,49.98956599762401,-7.253869861601562
25/04/2018 - 21:19:27,10.982941627502441,119,85.05187578013437,33.94812421986564,50.41403329390035,-7.386829649604699
25/04/2018 - 21:19:30,13.349344253540039,117,78.04835433283225,38.95164566716776,50.8622598491788,-7.4705263183633885
25/04/2018 - 21:19:33,13.824127197265625,116,76.06538422106996,39.93461577893003,51.33407181117379,-7.545875640254705
25/04/2018 - 21:19:36,13.938040733337402,111,79.95407932047979,31.04592067952021,51.752020375892364,-7.725723538530841
25/04/2018 - 21:19:39,9.76550006866455,118,107.10659288031482,10.893407119685179,49.22605817020771,-7.197012925263208
25/04/2018 - 21:19:42,8.662476539611816,128,91.68608754906313,36.31391245093686,49.645799037181945,-7.139119118901591
25/04/2018 - 21:19:45,12.105143547058105,120,92.70335016191385,27.296649838086147,50.03104030904744,-7.276932584375762
25/04/2018 - 21:19:48,10.982941627502441,119,85.09054928748624,33.90945071251376,50.44891663280485,-7.39539595158246
25/04/2018 - 21:19:51,13.349344253540039,117,78.63297434451712,38.36702565548287,50.90111345190488,-7.478684785393938
25/04/2018 - 21:19:54,13.824127197265625,116,75.55989211077943,40.44010788922056,51.374586701717625,-7.550462136069807
25/04/2018 - 21:19:57,13.651578903198242,111,80.06024877946989,30.939751220530116,51.788859773937354,-7.747077077651179
25/04/2018 - 21:20:00,9.76550006866455,119,102.51622034586333,16.48377965413667,49.268116224420716,-7.203578234929824
25/04/2018 - 21:20:03,9.499436378479004,128,91.84019273336784,36.15980726663216,49.678074987344274,-7.135638513844072
25/04/2018 - 21:20:06,12.105143547058105,120,91.48473704984806,28.515262950151943,50.0609405046638,-7.289910162228436
25/04/2018 - 21:20:09,10.982941627502441,119,84.598842814969,34.401157185031,50.484382142651164,-7.403095956971146
25/04/2018 - 21:20:12,13.349344253540039,117,78.57293783551825,38.42706216448175,50.94062618803958,-7.4859548689049475
25/04/2018 - 21:20:15,13.370643615722656,116,76.16207136480585,39.837928635194146,51.40564633879677,-7.555948339572585
25/04/2018 - 21:20:18,13.651578903198242,110,80.69440208424942,29.305597915750585,51.822192261237,-7.772601860257422
25/04/2018 - 21:20:21,9.344131469726562,121,99.80935390547178,21.190646094528216,49.30906958950284,-7.204891593883611
25/04/2018 - 21:20:24,9.499436378479004,128,93.55729666193861,34.4427033380614,49.70936546635595,-7.140980188110822
25/04/2018 - 21:20:27,12.105143547058105,119,88.66918440310738,30.330815596892624,50.09882381768332,-7.304458258669205
25/04/2018 - 21:20:30,11.394429206848145,119,84.44732007647413,34.55267992352587,50.520051937788054,-7.409826699988631
25/04/2018 - 21:20:33,13.91848373413086,117,78.30480472395791,38.69519527604209,50.98050070767931,-7.494120681207261
25/04/2018 - 21:20:36,13.370643615722656,116,78.0191064357497,37.9808935642503,51.44193996825113,-7.5672801165175105
25/04/2018 - 21:20:39,13.651578903198242,110,81.66930357931987,28.330696420680127,51.85588057548218,-7.798828244909173
25/04/2018 - 21:20:42,9.344131469726562,122,97.09390308430098,24.906096915699024,49.348067158193714,-7.202145626535488
25/04/2018 - 21:20:45,9.499436378479004,127,93.35692127648491,33.64307872351509,49.74163766075718,-7.146318669865791
25/04/2018 - 21:20:48,12.105143547058105,119,88.60734929631731,30.39265070368269,50.13482451605315,-7.320061366775838
25/04/2018 - 21:20:51,12.473884582519531,119,83.5736250276174,35.42637497238261,50.55779117238463,-7.415198714270331
25/04/2018 - 21:20:54,13.385372161865234,117,77.97899797265782,39.02100202734218,51.0202549999336,-7.501883930995632
25/04/2018 - 21:20:57,13.370643615722656,115,78.23045641318578,36.76954358681423,51.47872642294314,-7.579395990247263
25/04/2018 - 21:21:00,13.651578903198242,109,80.98495326468125,28.01504673531874,51.890238587709085,-7.82469436644506
25/04/2018 - 21:21:03,9.344131469726562,123,94.76522922499082,28.234770775009178,49.386387577252776,-7.196234730156831
25/04/2018 - 21:21:06,9.499436378479004,127,93.697806234019,33.302193765981,49.77440635489536,-7.151513846028755
25/04/2018 - 21:21:09,11.45766544342041,119,87.70691159088632,31.293088409113675,50.17171089116601,-7.33332191748955
25/04/2018 - 21:21:12,12.473884582519531,118,82.13021208806887,35.86978791193112,50.59574910556241,-7.423417344094713
25/04/2018 - 21:21:15,13.385372161865234,117,78.5315553526427,38.46844464735731,51.05904891165304,-7.507977672148458
25/04/2018 - 21:21:18,12.576377868652344,115,79.13493686177509,35.86506313822491,51.51460380156617,-7.591367124801171
25/04/2018 - 21:21:21,12.673235893249512,109,82.4255594847037,26.574440515296306,51.92148970484043,-7.8516880855876865
25/04/2018 - 21:21:24,9.344131469726562,124,93.23121579149625,30.76878420850375,49.41666788812437,-7.189262006608224
25/04/2018 - 21:21:27,9.926393508911133,126,93.77944227536341,32.22055772463659,49.8062443856138,-7.159468265210296
25/04/2018 - 21:21:30,11.45766544342041,119,87.20848494652769,31.791515053472313,50.20800051801679,-7.344230381637557
25/04/2018 - 21:21:33,12.473884582519531,118,81.68679914852038,36.31320085147963,50.633730397552014,-7.431189433281314
25/04/2018 - 21:21:36,13.385372161865234,117,78.71504271526592,38.284957284734084,51.0903405098239,-7.5126688003567725
25/04/2018 - 21:21:39,13.002710342407227,114,80.41916750773925,33.58083249226076,51.547106527292215,-7.608202459230868
25/04/2018 - 21:21:42,12.673235893249512,108,83.83588733106986,24.164112668930148,49,-7
25/04/2018 - 21:21:45,8.853840827941895,125,92.04835640630027,32.95164359369973,49.452657854039636,-7.179711380456195
25/04/2018 - 21:21:48,9.926393508911133,125,94.01348904134889,30.986510958651102,49.83767437735991,-7.170955661588468
25/04/2018 - 21:21:51,11.45766544342041,119,86.15675331582446,32.84324668417553,50.24492530230079,-7.3537014260228775
25/04/2018 - 21:21:54,12.473884582519531,118,81.24338620897186,36.75661379102814,50.67173282223454,-7.438513995579257
25/04/2018 - 21:21:57,14.06112289428711,117,78.23427140651958,38.76572859348042,51.130939983187815,-7.5183335473164306
25/04/2018 - 21:22:00,13.002710342407227,114,82.56810474065082,31.431895259349176,51.57938570347571,-7.628089990861329
25/04/2018 - 21:22:03,9.76550006866455,109,144.24828632422114,-35.248286324221134,49.019783220143246,-7.040125370989355
25/04/2018 - 21:22:06,8.853840827941895,126,91.52565567600627,34.474344323993726,49.48700605110984,-7.170054034520441
25/04/2018 - 21:22:09,9.926393508911133,125,94.76817785679718,30.231822143202816,49.86956855899598,-7.182731012688112
25/04/2018 - 21:22:12,11.45766544342041,119,85.65832667146583,33.34167332853418,50.28127862059123,-7.363084391165061
25/04/2018 - 21:22:15,13.28254508972168,118,80.3865686566676,37.6134313433324,50.703661068258555,-7.443805939769684
25/04/2018 - 21:22:18,14.06112289428711,117,78.18545202438133,38.81454797561867,51.17162179102093,-7.524697097101037
25/04/2018 - 21:22:21,13.002710342407227,113,81.83329056609409,31.16670943390591,51.61354877893,-7.64684689102249
25/04/2018 - 21:22:24,9.76550006866455,111,132.9777630195179,-21.9777630195179,49.058066724937845,-7.094154295643095
25/04/2018 - 21:22:27,8.831268310546875,127,91.20721873978871,35.79278126021128,49.521394884982406,-7.160645122307109
25/04/2018 - 21:22:30,9.926393508911133,124,95.00222462278268,28.997775377217327,49.90083350257091,-7.195856057040034
25/04/2018 - 21:22:33,10.58321762084961,119,85.11234845435638,33.88765154564363,50.30985929570315,-7.368170555500142
25/04/2018 - 21:22:36,13.28254508972168,118,79.74777442157401,38.252225578425985,50.7435737324522,-7.450114777767844
25/04/2018 - 21:22:39,14.06112289428711,117,77.45760344127433,39.54239655872567,51.21301046091278,-7.529664414179682
25/04/2018 - 21:22:42,13.002710342407227,113,82.2966060807778,30.70339391922219,51.64051233343608,-7.6625545735189
25/04/2018 - 21:22:45,9.76550006866455,113,124.80624792035485,-11.806247920354842,49.09854639993724,-7.134209396869065
25/04/2018 - 21:22:48,8.831268310546875,127,89.72017838284751,37.2798216171525,49.55603795689505,-7.1506191290084296
25/04/2018 - 21:22:51,11.348796844482422,123,94.94197194049498,28.058028059505016,49.925960655018756,-7.211141277180678
25/04/2018 - 21:22:54,10.58321762084961,119,85.09219089628237,33.90780910371763,50.344584582581184,-7.374341175496676
25/04/2018 - 21:22:57,13.28254508972168,118,79.75041089204444,38.24958910795555,50.782831801949634,-7.457107038261846
25/04/2018 - 21:23:00,13.824127197265625,116,76.40878405913608,39.591215940863925,51.25372721833241,-7.535173158848907
25/04/2018 - 21:23:03,13.938040733337402,112,81.50573232539432,30.494267674605684,51.67687467370925,-7.683916920425247
25/04/2018 - 21:23:06,9.76550006866455,115,118.11686718036317,-3.1168671803631725,49.14066754943549,-7.163675640467238
25/04/2018 - 21:23:09,8.662476539611816,128,90.9595553602602,37.0404446397398,49.58178759096721,-7.1464476364317795
25/04/2018 - 21:23:12,11.348796844482422,122,94.66281385586402,27.337186144135977,49.957829788863855,-7.232199578329756
25/04/2018 - 21:23:15,10.58321762084961,119,85.07203333820837,33.927966661791636,50.37930880936048,-7.380592511950301
25/04/2018 - 21:23:18,13.349344253540039,118,79.75304736251488,38.246952637485116,50.82208976178177,-7.464107974529379
25/04/2018 - 21:23:21,13.824127197265625,116,75.90329194884555,40.09670805115446,51.29423107417383,-7.540133103885153
25/04/2018 - 21:23:24,13.938040733337402,112,80.89336311815516,31.10663688184484,51.71480177870704,-7.70455319563708
25/04/2018 - 21:23:27,9.76550006866455,116,111.64014182514809,4.359858174851903,49.1833720092571,-7.184129833519531
25/04/2018 - 21:23:30,8.662476539611816,128,91.39547467354197,36.60452532645804,49.62017759601913,-7.141907106271867
25/04/2018 - 21:23:33,11.348796844482422,121,94.38365577123307,26.616344228766938,49.98956599762401,-7.253869861601562
25/04/2018 - 21:23:36,10.982941627502441,119,85.05187578013437,33.94812421986564,50.41403329390035,-7.386829649604699
25/04/2018 - 21:23:39,13.349344253540039,117,78.04835433283225,38.95164566716776,50.8622598491788,-7.4705263183633885
25/04/2018 - 21:23:42,13.824127197265625,116,76.06538422106996,39.93461577893003,51.33407181117379,-7.545875640254705
25/04/2018 - 21:23:45,13.938040733337402,111,79.95407932047979,31.04592067952021,51.752020375892364,-7.725723538530841
25/04/2018 - 21:23:48,9.76550006866455,119,104.67152566732548,14.328474332674512,49.25135603858442,-7.201654306965274
25/04/2018 - 21:23:51,8.662476539611816,128,91.54957985784667,36.450420142153334,49.6524255918227,-7.138185297094416
25/04/2018 - 21:23:54,12.105143547058105,120,92.71571718327186,27.284282816728133,50.023929403862695,-7.273238865691461
25/04/2018 - 21:23:57,10.982941627502441,119,85.09054928748624,33.90945071251376,50.44891663280485,-7.39539595158246
25/04/2018 - 21:24:00,13.349344253540039,117,78.63297434451712,38.36702565548287,50.90111345190488,-7.478684785393938
25/04/2018 - 21:24:03,13.824127197265625,116,75.55989211077943,40.44010788922056,51.374586701717625,-7.550462136069807
25/04/2018 - 21:24:06,13.651578903198242,111,80.3870794404258,30.61292055957421,51.7955600217667,-7.7520628972024515
25/04/2018 - 21:24:09,9.76550006866455,119,102.51622034586333,16.48377965413667,49.268116224420716,-7.203578234929824
25/04/2018 - 21:24:12,9.499436378479004,128,92.36710938188688,35.632890618113116,49.68413942854946,-7.1368410265562465
25/04/2018 - 21:24:15,12.105143547058105,120,91.48473704984806,28.515262950151943,50.0609405046638,-7.289910162228436
25/04/2018 - 21:24:18,10.982941627502441,119,84.598842814969,34.401157185031,50.484382142651164,-7.403095956971146
25/04/2018 - 21:24:21,13.349344253540039,117,78.57293783551825,38.42706216448175,50.94062618803958,-7.4859548689049475
25/04/2018 - 21:24:24,13.370643615722656,116,76.53347837899463,39.46652162100538,51.41292012630105,-7.558065869898133
25/04/2018 - 21:24:27,13.651578903198242,110,80.69440208424942,29.305597915750585,51.822192261237,-7.772601860257422
25/04/2018 - 21:24:30,9.344131469726562,121,99.80935390547178,21.190646094528216,49.30906958950284,-7.204891593883611
25/04/2018 - 21:24:33,9.499436378479004,128,93.62547365344543,34.37452634655458,49.7159189495014,-7.141858892971591
25/04/2018 - 21:24:36,12.105143547058105,119,88.66918440310738,30.330815596892624,50.09882381768332,-7.304458258669205
25/04/2018 - 21:24:39,11.394429206848145,119,84.44732007647413,34.55267992352587,50.520051937788054,-7.409826699988631
25/04/2018 - 21:24:42,13.91848373413086,117,78.30480472395791,38.69519527604209,50.98050070767931,-7.494120681207261
25/04/2018 - 21:24:45,13.370643615722656,115,77.39051344993847,37.60948655006153,51.44917460643647,-7.569769418660844
25/04/2018 - 21:24:48,13.651578903198242,110,81.66930357931987,28.330696420680127,51.85588057548218,-7.798828244909173
25/04/2018 - 21:24:51,9.344131469726562,122,97.09390308430098,24.906096915699024,49.348067158193714,-7.202145626535488
25/04/2018 - 21:24:54,9.499436378479004,127,93.42509826799173,33.57490173200827,49.74819147473577,-7.147334190516533
25/04/2018 - 21:24:57,12.105143547058105,119,88.60734929631731,30.39265070368269,50.13482451605315,-7.320061366775838
25/04/2018 - 21:25:00,12.473884582519531,119,83.5736250276174,35.42637497238261,50.55779117238463,-7.415198714270331
25/04/2018 - 21:25:03,13.385372161865234,117,77.97899797265782,39.02100202734218,51.0202549999336,-7.501883930995632
25/04/2018 - 21:25:06,13.370643615722656,115,77.95617833386677,37.04382166613323,51.48661946791057,-7.5811855117634535
25/04/2018 - 21:25:09,13.651578903198242,109,80.98495326468125,28.01504673531874,51.890238587709085,-7.82469436644506
25/04/2018 - 21:25:12,9.344131469726562,123,94.76522922499082,28.234770775009178,49.386387577252776,-7.196234730156831
25/04/2018 - 21:25:15,9.499436378479004,127,93.76598322552582,33.234016774474185,49.78095993634006,-7.152588168665506
25/04/2018 - 21:25:18,11.45766544342041,119,87.70691159088632,31.293088409113675,50.17171089116601,-7.33332191748955
25/04/2018 - 21:25:21,12.473884582519531,118,82.13021208806887,35.86978791193112,50.59574910556241,-7.423417344094713
25/04/2018 - 21:25:24,13.385372161865234,117,78.5315553526427,38.46844464735731,51.05904891165304,-7.507977672148458
25/04/2018 - 21:25:27,12.576377868652344,115,79.63237101488369,35.36762898511631,51.521077385007466,-7.594242309099059
25/04/2018 - 21:25:30,12.673235893249512,109,82.4255594847037,26.574440515296306,51.92148970484043,-7.8516880855876865
25/04/2018 - 21:25:33,9.344131469726562,124,92.69440667358776,31.30559332641223,49.42409467314967,-7.187324355670831
25/04/2018 - 21:25:36,9.926393508911133,126,94.21799480877539,31.782005191224613,49.81232270090905,-7.161920643162109
25/04/2018 - 21:25:39,11.45766544342041,119,87.20848494652769,31.791515053472313,50.20800051801679,-7.344230381637557
25/04/2018 - 21:25:42,12.473884582519531,118,81.68679914852038,36.31320085147963,50.633730397552014,-7.431189433281314
25/04/2018 - 21:25:45,13.385372161865234,117,78.71504271526592,38.284957284734084,51.0903405098239,-7.5126688003567725
25/04/2018 - 21:25:48,13.002710342407227,114,80.41916750773925,33.58083249226076,51.547106527292215,-7.608202459230868
25/04/2018 - 21:25:51,12.673235893249512,108,83.83588733106986,24.164112668930148,49,-7
25/04/2018 - 21:25:54,8.853840827941895,125,91.67051973894735,33.329480261052645,49.45962061012102,-7.17779723099607
25/04/2018 - 21:25:57,9.926393508911133,125,94.01348904134889,30.986510958651102,49.83767437735991,-7.170955661588468
25/04/2018 - 21:26:00,11.45766544342041,119,86.15675331582446,32.84324668417553,50.24492530230079,-7.3537014260228775
25/04/2018 - 21:26:03,12.473884582519531,118,81.24338620897186,36.75661379102814,50.67173282223454,-7.438513995579257
25/04/2018 - 21:26:06,14.06112289428711,117,78.49611921047943,38.50388078952057,51.13879710238296,-7.5200234239692945
25/04/2018 - 21:26:09,13.002710342407227,114,82.56810474065082,31.431895259349176,51.57938570347571,-7.628089990861329
25/04/2018 - 21:26:12,9.76550006866455,110,142.21691109912777,-32.21691109912777,49.027219384502864,-7.052333302701098
25/04/2018 - 21:26:15,8.853840827941895,126,91.52565567600627,34.474344323993726,49.48700605110984,-7.170054034520441
25/04/2018 - 21:26:18,9.926393508911133,125,94.76817785679718,30.231822143202816,49.86956855899598,-7.182731012688112
25/04/2018 - 21:26:21,10.58321762084961,119,85.22665835078735,33.773341649212654,50.28891517617714,-7.364463487258938
25/04/2018 - 21:26:24,13.28254508972168,118,80.13052366853609,37.86947633146392,50.71177292458336,-7.44498783730515
25/04/2018 - 21:26:27,14.06112289428711,117,78.18545202438133,38.81454797561867,51.17162179102093,-7.524697097101037
25/04/2018 - 21:26:30,13.002710342407227,113,81.83329056609409,31.16670943390591,51.61354877893,-7.64684689102249
25/04/2018 - 21:26:33,9.76550006866455,112,131.82219446120763,-19.82219446120763,49.06593902148707,-7.103099164627043
25/04/2018 - 21:26:36,8.831268310546875,127,91.20721873978871,35.79278126021128,49.521394884982406,-7.160645122307109
25/04/2018 - 21:26:39,9.926393508911133,124,95.00222462278268,28.997775377217327,49.90083350257091,-7.195856057040034
25/04/2018 - 21:26:42,10.58321762084961,119,84.90388621956842,34.09611378043157,50.31702588689041,-7.369134783241599
25/04/2018 - 21:26:45,13.28254508972168,118,79.74777442157401,38.252225578425985,50.7435737324522,-7.450114777767844
25/04/2018 - 21:26:48,14.06112289428711,117,77.45760344127433,39.54239655872567,51.21301046091278,-7.529664414179682
25/04/2018 - 21:26:51,13.938040733337402,113,82.72639352736013,30.273606472639873,51.64688192651856,-7.666900335613524
25/04/2018 - 21:26:54,9.76550006866455,113,124.80624792035485,-11.806247920354842,49.09854639993724,-7.134209396869065
25/04/2018 - 21:26:57,8.831268310546875,127,89.72017838284751,37.2798216171525,49.55603795689505,-7.1506191290084296
25/04/2018 - 21:27:00,11.348796844482422,123,95.0861403235688,27.91385967643121,49.93234488330794,-7.215303891354729
25/04/2018 - 21:27:03,10.58321762084961,119,85.39480546942728,33.60519453057272,50.351196327391435,-7.375978289546727
25/04/2018 - 21:27:06,13.28254508972168,118,79.49436590391292,38.50563409608707,50.79094691000011,-7.4581513000254045
25/04/2018 - 21:27:09,13.824127197265625,116,76.40878405913608,39.591215940863925,51.25372721833241,-7.535173158848907
25/04/2018 - 21:27:12,13.938040733337402,112,81.11402432012098,30.885975679879028,51.68476296944707,-7.687749009784443
25/04/2018 - 21:27:15,9.76550006866455,115,118.11686718036317,-3.1168671803631725,49.14066754943549,-7.163675640467238
25/04/2018 - 21:27:18,8.662476539611816,128,90.82304766904372,37.176952330956276,49.588397902284804,-7.145390400740727
25/04/2018 - 21:27:21,11.348796844482422,122,94.80698223893783,27.19301776106217,49.96418781944613,-7.236484735578399
25/04/2018 - 21:27:24,10.58321762084961,119,85.37464791135328,33.62535208864672,50.385920692690505,-7.3822272538343165
25/04/2018 - 21:27:27,13.349344253540039,118,79.75304736251488,38.246952637485116,50.82208976178177,-7.464107974529379
25/04/2018 - 21:27:30,13.824127197265625,116,75.90329194884555,40.09670805115446,51.29423107417383,-7.540133103885153
25/04/2018 - 21:27:33,13.938040733337402,112,81.1747405224456,30.8252594775544,51.72193427654475,-7.709127137485735
25/04/2018 - 21:27:36,9.76550006866455,116,111.64014182514809,4.359858174851903,49.1833720092571,-7.184129833519531
25/04/2018 - 21:27:39,8.662476539611816,128,91.39547467354197,36.60452532645804,49.62017759601913,-7.141907106271867
25/04/2018 - 21:27:42,11.348796844482422,121,94.52782415430687,26.47217584569313,49.99589686306905,-7.258277191098238
25/04/2018 - 21:27:45,10.982941627502441,119,85.27176247355239,33.728237526447614,50.42077884862896,-7.3888212274884895
25/04/2018 - 21:27:48,13.349344253540039,117,78.04835433283225,38.95164566716776,50.8622598491788,-7.4705263183633885
25/04/2018 - 21:27:51,13.824127197265625,116,76.06538422106996,39.93461577893003,51.33407181117379,-7.545875640254705
25/04/2018 - 21:27:54,13.938040733337402,111,79.56237131520645,31.437628684793555,51.75992946122586,-7.729443794471088
25/04/2018 - 21:27:57,9.76550006866455,118,107.10659288031482,10.893407119685179,49.22605817020771,-7.197012925263208
25/04/2018 - 21:28:00,8.662476539611816,128,91.54957985784667,36.450420142153334,49.6524255918227,-7.138185297094416
25/04/2018 - 21:28:03,12.105143547058105,120,92.70335016191385,27.296649838086147,50.03104030904744,-7.276932584375762
25/04/2018 - 21:28:06,10.982941627502441,119,85.09054928748624,33.90945071251376,50.44891663280485,-7.39539595158246
25/04/2018 - 21:28:09,13.349344253540039,117,78.63297434451712,38.36702565548287,50.90111345190488,-7.478684785393938
25/04/2018 - 21:28:12,13.824127197265625,116,75.55989211077943,40.44010788922056,51.374586701717625,-7.550462136069807
25/04/2018 - 21:28:15,13.651578903198242,111,80.3870794404258,30.61292055957421,51.7955600217667,-7.7520628972024515
25/04/2018 - 21:28:18,9.76550006866455,119,102.51622034586333,16.48377965413667,49.268116224420716,-7.203578234929824
25/04/2018 - 21:28:21,9.499436378479004,128,92.36710938188688,35.632890618113116,49.68413942854946,-7.1368410265562465
25/04/2018 - 21:28:24,12.105143547058105,120,90.88779751517318,29.112202484826827,50.06877233547478,-7.292687630521259
25/04/2018 - 21:28:27,10.982941627502441,119,84.598842814969,34.401157185031,50.484382142651164,-7.403095956971146
25/04/2018 - 21:28:30,13.349344253540039,117,78.57293783551825,38.42706216448175,50.94062618803958,-7.4859548689049475
25/04/2018 - 21:28:33,13.370643615722656,116,76.53347837899463,39.46652162100538,51.41292012630105,-7.558065869898133
25/04/2018 - 21:28:36,13.651578903198242,110,81.67489406711714,28.325105932882867,51.841983465535755,-7.788627548583893
25/04/2018 - 21:28:39,9.344131469726562,121,99.80935390547178,21.190646094528216,49.30906958950284,-7.204891593883611
25/04/2018 - 21:28:42,9.499436378479004,127,93.2887442849781,33.711255715021906,49.73508382706592,-7.145314900241108
25/04/2018 - 21:28:46,11.45766544342041,119,85.9683583264782,33.031641673521804,50.266611384074935,-7.359554679383878
25/04/2018 - 21:28:48,11.394429206848145,119,84.44732007647413,34.55267992352587,50.520051937788054,-7.409826699988631
25/04/2018 - 21:29:00,9.344131469726562,122,97.09390308430098,24.906096915699024,49.348067158193714,-7.202145626535488
25/04/2018 - 21:29:00,9.344131469726562,123,96.09669876871489,26.903301231285116,49.37109279992118,-7.199004431783979
25/04/2018 - 21:29:00,9.344131469726562,123,94.76522922499082,28.234770775009178,49.386387577252776,-7.196234730156831
25/04/2018 - 21:29:00,9.344131469726562,124,94.43375968126676,29.56624031873324,49.40162832156605,-7.19292622003011
25/04/2018 - 21:29:03,9.499436378479004,127,93.42509826799173,33.57490173200827,49.74819147473577,-7.147334190516533
25/04/2018 - 21:29:06,12.105143547058105,119,88.60734929631731,30.39265070368269,50.13482451605315,-7.320061366775838
25/04/2018 - 21:29:09,12.473884582519531,119,83.5736250276174,35.42637497238261,50.55779117238463,-7.415198714270331
25/04/2018 - 21:29:12,13.385372161865234,117,77.97899797265782,39.02100202734218,51.0202549999336,-7.501883930995632
25/04/2018 - 21:29:15,13.370643615722656,115,77.95617833386677,37.04382166613323,51.48661946791057,-7.5811855117634535
25/04/2018 - 21:29:18,13.651578903198242,109,80.98495326468125,28.01504673531874,51.890238587709085,-7.82469436644506
25/04/2018 - 21:29:21,9.344131469726562,123,94.76522922499082,28.234770775009178,49.386387577252776,-7.196234730156831
25/04/2018 - 21:29:24,9.499436378479004,127,93.697806234019,33.302193765981,49.77440635489536,-7.151513846028755
25/04/2018 - 21:29:27,11.45766544342041,119,87.70691159088632,31.293088409113675,50.17171089116601,-7.33332191748955
25/04/2018 - 21:29:30,12.473884582519531,118,82.13021208806887,35.86978791193112,50.59574910556241,-7.423417344094713
25/04/2018 - 21:29:33,13.385372161865234,117,78.5315553526427,38.46844464735731,51.05904891165304,-7.507977672148458
25/04/2018 - 21:29:36,12.576377868652344,115,79.13493686177509,35.86506313822491,51.51460380156617,-7.591367124801171
25/04/2018 - 21:29:39,12.673235893249512,109,82.4255594847037,26.574440515296306,51.92148970484043,-7.8516880855876865
25/04/2018 - 21:29:42,9.344131469726562,124,92.69440667358776,31.30559332641223,49.42409467314967,-7.187324355670831
25/04/2018 - 21:29:45,9.926393508911133,126,93.77944227536341,32.22055772463659,49.8062443856138,-7.159468265210296
25/04/2018 - 21:29:48,11.45766544342041,119,87.20848494652769,31.791515053472313,50.20800051801679,-7.344230381637557
25/04/2018 - 21:29:51,12.473884582519531,118,81.68679914852038,36.31320085147963,50.633730397552014,-7.431189433281314
25/04/2018 - 21:29:54,13.385372161865234,117,78.43771637921589,38.562283620784115,51.098494144486715,-7.513415543138369
25/04/2018 - 21:29:57,13.002710342407227,114,80.41916750773925,33.58083249226076,51.547106527292215,-7.608202459230868
25/04/2018 - 21:30:00,12.673235893249512,108,83.83588733106986,24.164112668930148,49,-7
25/04/2018 - 21:30:03,8.853840827941895,125,91.67051973894735,33.329480261052645,49.45962061012102,-7.17779723099607
25/04/2018 - 21:30:06,9.926393508911133,125,94.01348904134889,30.986510958651102,49.83767437735991,-7.170955661588468
25/04/2018 - 21:30:09,11.45766544342041,119,86.27838998149056,32.72161001850943,50.2519495345199,-7.355904299898526
25/04/2018 - 21:30:12,12.473884582519531,118,81.24338620897186,36.75661379102814,50.67173282223454,-7.438513995579257
25/04/2018 - 21:30:15,14.06112289428711,117,78.49611921047943,38.50388078952057,51.13879710238296,-7.5200234239692945
25/04/2018 - 21:30:18,13.002710342407227,114,82.36997505141036,31.630024948589632,51.58651132508897,-7.6314973266277875
25/04/2018 - 21:30:21,9.76550006866455,110,142.21691109912777,-32.21691109912777,49.027219384502864,-7.052333302701098
25/04/2018 - 21:30:24,8.853840827941895,126,91.52565567600627,34.474344323993726,49.48700605110984,-7.170054034520441
25/04/2018 - 21:30:27,9.926393508911133,125,94.76817785679718,30.231822143202816,49.86956855899598,-7.182731012688112
25/04/2018 - 21:30:30,11.45766544342041,119,85.65832667146583,33.34167332853418,50.28127862059123,-7.363084391165061
25/04/2018 - 21:30:33,13.28254508972168,118,80.13052366853609,37.86947633146392,50.71177292458336,-7.44498783730515
25/04/2018 - 21:30:36,14.06112289428711,117,77.76827062737243,39.23172937262757,51.180174488409804,-7.525339018032943
25/04/2018 - 21:30:39,13.002710342407227,113,81.83329056609409,31.16670943390591,51.61354877893,-7.64684689102249
25/04/2018 - 21:30:42,9.76550006866455,112,131.82219446120763,-19.82219446120763,49.06593902148707,-7.103099164627043
25/04/2018 - 21:30:45,8.831268310546875,127,90.83670101369162,36.163298986308384,49.528417641768385,-7.1586478027124905
25/04/2018 - 21:30:48,9.926393508911133,124,95.00222462278268,28.997775377217327,49.90083350257091,-7.195856057040034
25/04/2018 - 21:30:51,10.58321762084961,119,84.90388621956842,34.09611378043157,50.31702588689041,-7.369134783241599
25/04/2018 - 21:30:54,13.28254508972168,118,79.49172943344249,38.508270566557506,50.751688852105616,-7.451157584619412
25/04/2018 - 21:30:57,14.06112289428711,117,77.45760344127433,39.54239655872567,51.21301046091278,-7.529664414179682
25/04/2018 - 21:31:00,13.938040733337402,113,82.33468552208679,30.665314477913217,51.65476170931413,-7.670776970608528
25/04/2018 - 21:31:03,9.76550006866455,114,123.98752808003806,-9.987528080038068,49.106843547319535,-7.140890081615644
25/04/2018 - 21:31:06,8.662476539611816,128,90.53243479352255,37.46756520647745,49.56282680934475,-7.148606717721017
25/04/2018 - 21:31:09,11.348796844482422,123,95.0861403235688,27.91385967643121,49.93234488330794,-7.215303891354729
25/04/2018 - 21:31:12,10.58321762084961,119,85.39480546942728,33.60519453057272,50.351196327391435,-7.375978289546727
25/04/2018 - 21:31:15,13.28254508972168,118,79.49436590391292,38.50563409608707,50.79094691000011,-7.4581513000254045
25/04/2018 - 21:31:18,13.824127197265625,116,76.04065188407199,39.959348115928016,51.262096057354135,-7.535794670004195
25/04/2018 - 21:31:21,13.938040733337402,112,81.11402432012098,30.885975679879028,51.68476296944707,-7.687749009784443
25/04/2018 - 21:31:24,9.76550006866455,115,116.6349960580399,-1.634996058039897,49.149049017369165,-7.168454607479301
25/04/2018 - 21:31:27,8.662476539611816,128,90.82304766904372,37.176952330956276,49.588397902284804,-7.145390400740727
25/04/2018 - 21:31:30,11.348796844482422,122,94.80698223893783,27.19301776106217,49.96418781944613,-7.236484735578399
25/04/2018 - 21:31:33,10.58321762084961,119,85.37464791135328,33.62535208864672,50.385920692690505,-7.3822272538343165
25/04/2018 - 21:31:36,13.349344253540039,118,79.4831774524416,38.5168225475584,50.83025495331823,-7.465259730922952
25/04/2018 - 21:31:39,13.824127197265625,116,75.90329194884555,40.09670805115446,51.29423107417383,-7.540133103885153
25/04/2018 - 21:31:42,13.938040733337402,112,81.1747405224456,30.8252594775544,51.72193427654475,-7.709127137485735
25/04/2018 - 21:31:45,9.76550006866455,116,111.64014182514809,4.359858174851903,49.1833720092571,-7.184129833519531
25/04/2018 - 21:31:48,8.662476539611816,128,91.39547467354197,36.60452532645804,49.62017759601913,-7.141907106271867
25/04/2018 - 21:31:51,11.348796844482422,121,94.52782415430687,26.47217584569313,49.99589686306905,-7.258277191098238
25/04/2018 - 21:31:54,10.982941627502441,119,85.27176247355239,33.728237526447614,50.42077884862896,-7.3888212274884895
25/04/2018 - 21:31:57,13.349344253540039,117,78.42314094344272,38.576859056557275,50.86976830888556,-7.472496024120092
25/04/2018 - 21:32:00,13.824127197265625,116,76.06538422106996,39.93461577893003,51.33407181117379,-7.545875640254705
25/04/2018 - 21:32:03,13.938040733337402,111,79.56237131520645,31.437628684793555,51.75992946122586,-7.729443794471088
25/04/2018 - 21:32:06,9.76550006866455,118,105.96157047598504,12.038429524014957,49.23447351396841,-7.19881472608943
25/04/2018 - 21:32:09,8.662476539611816,128,91.54957985784667,36.450420142153334,49.6524255918227,-7.138185297094416
25/04/2018 - 21:32:12,12.105143547058105,120,92.70335016191385,27.296649838086147,50.03104030904744,-7.276932584375762
25/04/2018 - 21:32:15,10.982941627502441,119,84.78005600103515,34.21994399896486,50.45623895629888,-7.396689286678096
25/04/2018 - 21:32:18,13.349344253540039,117,78.63297434451712,38.36702565548287,50.90111345190488,-7.478684785393938
25/04/2018 - 21:32:21,13.824127197265625,116,75.55989211077943,40.44010788922056,51.374586701717625,-7.550462136069807
25/04/2018 - 21:32:24,13.651578903198242,111,80.3870794404258,30.61292055957421,51.7955600217667,-7.7520628972024515
25/04/2018 - 21:32:27,9.76550006866455,119,102.51622034586333,16.48377965413667,49.268116224420716,-7.203578234929824
25/04/2018 - 21:32:30,9.499436378479004,128,92.36710938188688,35.632890618113116,49.68413942854946,-7.1368410265562465
25/04/2018 - 21:32:33,12.105143547058105,120,90.88779751517318,29.112202484826827,50.06877233547478,-7.292687630521259
25/04/2018 - 21:32:36,10.982941627502441,119,84.598842814969,34.401157185031,50.484382142651164,-7.403095956971146
25/04/2018 - 21:32:39,13.349344253540039,117,78.57293783551825,38.42706216448175,50.94062618803958,-7.4859548689049475
25/04/2018 - 21:32:42,13.370643615722656,116,76.53347837899463,39.46652162100538,51.41292012630105,-7.558065869898133
25/04/2018 - 21:32:45,13.651578903198242,110,81.02123274520532,28.97876725479468,51.82880709854587,-7.777884812546989
25/04/2018 - 21:32:48,9.344131469726562,121,99.80935390547178,21.190646094528216,49.30906958950284,-7.204891593883611
25/04/2018 - 21:32:51,9.499436378479004,128,93.62547365344543,34.37452634655458,49.7159189495014,-7.141858892971591
25/04/2018 - 21:32:54,12.105143547058105,119,88.65681738174936,30.343182618250637,50.10602331890168,-7.307582640633642
25/04/2018 - 21:32:57,11.394429206848145,119,84.44732007647413,34.55267992352587,50.520051937788054,-7.409826699988631
25/04/2018 - 21:33:00,13.91848373413086,117,78.30480472395791,38.69519527604209,50.98050070767931,-7.494120681207261
25/04/2018 - 21:33:03,13.370643615722656,115,77.39051344993847,37.60948655006153,51.44917460643647,-7.569769418660844
25/04/2018 - 21:33:06,13.651578903198242,110,81.66930357931987,28.330696420680127,51.85588057548218,-7.798828244909173
25/04/2018 - 21:33:09,9.344131469726562,122,97.09390308430098,24.906096915699024,49.348067158193714,-7.202145626535488
25/04/2018 - 21:33:12,9.499436378479004,127,93.42509826799173,33.57490173200827,49.74819147473577,-7.147334190516533
25/04/2018 - 21:33:15,12.105143547058105,119,88.59498227495929,30.405017725040704,50.142025611784305,-7.323176344867117
25/04/2018 - 21:33:18,12.473884582519531,119,83.48494243970768,35.51505756029231,50.565380783507486,-7.416878115369002
25/04/2018 - 21:33:21,13.385372161865234,117,77.97899797265782,39.02100202734218,51.0202549999336,-7.501883930995632
25/04/2018 - 21:33:24,13.370643615722656,115,77.95617833386677,37.04382166613323,51.48661946791057,-7.5811855117634535
25/04/2018 - 21:33:27,13.651578903198242,109,80.98495326468125,28.01504673531874,51.890238587709085,-7.82469436644506
25/04/2018 - 21:33:30,9.344131469726562,123,94.76522922499082,28.234770775009178,49.386387577252776,-7.196234730156831
25/04/2018 - 21:33:33,9.499436378479004,127,93.76598322552582,33.234016774474185,49.78095993634006,-7.152588168665506
25/04/2018 - 21:33:36,11.45766544342041,119,87.70691159088632,31.293088409113675,50.17171089116601,-7.33332191748955
25/04/2018 - 21:33:39,12.473884582519531,118,82.13021208806887,35.86978791193112,50.59574910556241,-7.423417344094713
25/04/2018 - 21:33:42,13.385372161865234,117,78.5315553526427,38.46844464735731,51.05904891165304,-7.507977672148458
25/04/2018 - 21:33:45,12.576377868652344,115,79.13493686177509,35.86506313822491,51.51460380156617,-7.591367124801171
25/04/2018 - 21:33:48,12.673235893249512,109,82.4255594847037,26.574440515296306,51.92148970484043,-7.8516880855876865
25/04/2018 - 21:33:51,9.344131469726562,124,92.69440667358776,31.30559332641223,49.42409467314967,-7.187324355670831
25/04/2018 - 21:33:54,9.926393508911133,126,93.77944227536341,32.22055772463659,49.8062443856138,-7.159468265210296
25/04/2018 - 21:33:57,11.45766544342041,119,86.46678497083684,32.53321502916316,50.23027346894763,-7.349872956043112
25/04/2018 - 21:34:00,12.473884582519531,118,81.68679914852038,36.31320085147963,50.633730397552014,-7.431189433281314
25/04/2018 - 21:34:03,13.385372161865234,117,78.43771637921589,38.562283620784115,51.098494144486715,-7.513415543138369
25/04/2018 - 21:34:06,13.002710342407227,114,80.41916750773925,33.58083249226076,51.547106527292215,-7.608202459230868
25/04/2018 - 21:34:09,12.673235893249512,108,83.83588733106986,24.164112668930148,49,-7
25/04/2018 - 21:34:12,8.853840827941895,125,91.67051973894735,33.329480261052645,49.45962061012102,-7.17779723099607
25/04/2018 - 21:34:15,9.926393508911133,125,93.97268362422368,31.027316375776326,49.84427518964148,-7.173029209590514
25/04/2018 - 21:34:18,11.45766544342041,119,86.15675331582446,32.84324668417553,50.24492530230079,-7.3537014260228775
25/04/2018 - 21:34:21,12.473884582519531,118,81.24338620897186,36.75661379102814,50.67173282223454,-7.438513995579257
25/04/2018 - 21:34:24,14.06112289428711,117,78.49611921047943,38.50388078952057,51.13879710238296,-7.5200234239692945
25/04/2018 - 21:34:27,13.002710342407227,114,82.56810474065082,31.431895259349176,51.57938570347571,-7.628089990861329
25/04/2018 - 21:34:30,9.76550006866455,110,142.21691109912777,-32.21691109912777,49.027219384502864,-7.052333302701098
25/04/2018 - 21:34:34,8.662476539611816,128,91.39547467354197,36.60452532645804,49.62017759601913,-7.141907106271867
25/04/2018 - 21:34:36,9.926393508911133,125,94.76817785679718,30.231822143202816,49.86956855899598,-7.182731012688112
25/04/2018 - 21:34:39,11.45766544342041,119,85.65832667146583,33.34167332853418,50.28127862059123,-7.363084391165061
25/04/2018 - 21:34:42,13.28254508972168,118,80.13052366853609,37.86947633146392,50.71177292458336,-7.44498783730515
25/04/2018 - 21:34:45,14.06112289428711,117,77.76827062737243,39.23172937262757,51.180174488409804,-7.525339018032943
25/04/2018 - 21:34:48,13.002710342407227,113,81.83329056609409,31.16670943390591,51.61354877893,-7.64684689102249
25/04/2018 - 21:34:51,9.76550006866455,112,131.82219446120763,-19.82219446120763,49.06593902148707,-7.103099164627043
25/04/2018 - 21:34:54,8.831268310546875,127,91.20721873978871,35.79278126021128,49.521394884982406,-7.160645122307109
25/04/2018 - 21:34:57,9.926393508911133,124,95.00222462278268,28.997775377217327,49.90083350257091,-7.195856057040034
25/04/2018 - 21:35:00,10.58321762084961,119,84.90388621956842,34.09611378043157,50.31702588689041,-7.369134783241599
25/04/2018 - 21:35:03,13.28254508972168,118,79.49172943344249,38.508270566557506,50.751688852105616,-7.451157584619412
25/04/2018 - 21:35:06,14.06112289428711,116,76.71945124523418,39.280548754765825,51.22087814825329,-7.531190138059457
25/04/2018 - 21:35:09,13.938040733337402,113,82.72639352736013,30.273606472639873,51.64688192651856,-7.666900335613524
25/04/2018 - 21:35:12,9.76550006866455,114,123.98752808003806,-9.987528080038068,49.106843547319535,-7.140890081615644
25/04/2018 - 21:35:15,8.831268310546875,127,89.72017838284751,37.2798216171525,49.55603795689505,-7.1506191290084296
25/04/2018 - 21:35:18,11.348796844482422,123,95.0861403235688,27.91385967643121,49.93234488330794,-7.215303891354729
25/04/2018 - 21:35:21,10.58321762084961,119,85.18634323463934,33.81365676536066,50.358363000090456,-7.3769976515360804
25/04/2018 - 21:35:24,13.28254508972168,118,79.49436590391292,38.50563409608707,50.79094691000011,-7.4581513000254045
25/04/2018 - 21:35:27,13.824127197265625,116,76.04065188407199,39.959348115928016,51.262096057354135,-7.535794670004195
25/04/2018 - 21:35:30,13.938040733337402,112,81.39540172441141,30.60459827558859,51.69188519715775,-7.692362335458347
25/04/2018 - 21:35:33,9.76550006866455,115,116.6349960580399,-1.634996058039897,49.149049017369165,-7.168454607479301
25/04/2018 - 21:35:36,8.662476539611816,128,90.82304766904372,37.176952330956276,49.588397902284804,-7.145390400740727
25/04/2018 - 21:35:39,11.348796844482422,122,94.80698223893783,27.19301776106217,49.96418781944613,-7.236484735578399
25/04/2018 - 21:35:42,10.58321762084961,119,85.37464791135328,33.62535208864672,50.385920692690505,-7.3822272538343165
25/04/2018 - 21:35:45,13.349344253540039,118,79.4831774524416,38.5168225475584,50.83025495331823,-7.465259730922952
25/04/2018 - 21:35:48,13.824127197265625,116,75.90329194884555,40.09670805115446,51.29423107417383,-7.540133103885153
25/04/2018 - 21:35:51,13.938040733337402,112,81.1747405224456,30.8252594775544,51.72193427654475,-7.709127137485735
25/04/2018 - 21:35:54,9.76550006866455,117,111.29301019002222,5.706989809977777,49.191888159719504,-7.187283546324617
25/04/2018 - 21:35:57,8.662476539611816,128,91.39547467354197,36.60452532645804,49.62017759601913,-7.141907106271867
25/04/2018 - 21:36:00,11.348796844482422,121,94.52782415430687,26.47217584569313,49.99589686306905,-7.258277191098238
25/04/2018 - 21:36:03,10.982941627502441,119,85.27176247355239,33.728237526447614,50.42077884862896,-7.3888212274884895
25/04/2018 - 21:36:06,13.349344253540039,117,78.42314094344272,38.576859056557275,50.86976830888556,-7.472496024120092
25/04/2018 - 21:36:09,13.824127197265625,116,76.06538422106996,39.93461577893003,51.33407181117379,-7.545875640254705
25/04/2018 - 21:36:12,13.938040733337402,111,79.56237131520645,31.437628684793555,51.75992946122586,-7.729443794471088
25/04/2018 - 21:36:15,9.76550006866455,118,105.96157047598504,12.038429524014957,49.23447351396841,-7.19881472608943
25/04/2018 - 21:36:18,8.662476539611816,128,91.83139398682373,36.16860601317627,49.658617951459796,-7.137796975060588
25/04/2018 - 21:36:21,12.105143547058105,120,92.70335016191385,27.296649838086147,50.03104030904744,-7.276932584375762
25/04/2018 - 21:36:24,10.982941627502441,119,84.78005600103515,34.21994399896486,50.45623895629888,-7.396689286678096
25/04/2018 - 21:36:27,13.349344253540039,117,78.36310443444384,38.63689556555615,50.90927909058842,-7.479811893263069
25/04/2018 - 21:36:30,13.824127197265625,116,75.55989211077943,40.44010788922056,51.374586701717625,-7.550462136069807
25/04/2018 - 21:36:33,13.651578903198242,111,80.3870794404258,30.61292055957421,51.7955600217667,-7.7520628972024515
25/04/2018 - 21:36:36,9.76550006866455,119,102.51622034586333,16.48377965413667,49.268116224420716,-7.203578234929824
25/04/2018 - 21:36:39,9.499436378479004,128,92.36710938188688,35.632890618113116,49.68413942854946,-7.1368410265562465
25/04/2018 - 21:36:42,12.105143547058105,120,90.88779751517318,29.112202484826827,50.06877233547478,-7.292687630521259
25/04/2018 - 21:36:45,10.982941627502441,119,84.81872950838702,34.18127049161298,50.49113238847505,-7.4050083755742815
25/04/2018 - 21:36:48,13.349344253540039,117,78.30306792544496,38.69693207455503,50.948792037111886,-7.4870696213964125
25/04/2018 - 21:36:51,13.370643615722656,116,76.53347837899463,39.46652162100538,51.41292012630105,-7.558065869898133
25/04/2018 - 21:36:54,13.651578903198242,110,81.02123274520532,28.97876725479468,51.82880709854587,-7.777884812546989
25/04/2018 - 21:36:57,9.344131469726562,121,98.95023065267942,22.049769347320574,49.317021042312334,-7.2045522792462355
25/04/2018 - 21:37:01,9.926393508911133,125,94.41123615763566,30.588763842364347,49.85033252478778,-7.175671549501502
25/04/2018 - 21:37:03,12.105143547058105,119,88.65681738174936,30.343182618250637,50.10602331890168,-7.307582640633642
25/04/2018 - 21:37:06,11.394429206848145,119,84.03179304231662,34.968206957683385,50.52776936936631,-7.41027513490111
25/04/2018 - 21:37:09,13.91848373413086,117,77.91714428413286,39.08285571586715,50.988861330765296,-7.495642991003152
25/04/2018 - 21:37:12,13.370643615722656,115,77.39051344993847,37.60948655006153,51.44917460643647,-7.569769418660844
25/04/2018 - 21:37:15,13.651578903198242,110,81.99613424027578,28.00386575972422,51.86244200724379,-7.804288425440349
25/04/2018 - 21:37:18,9.344131469726562,122,96.42816831243894,25.571831687561055,49.35575214010042,-7.201233874742803
25/04/2018 - 21:37:21,9.499436378479004,127,93.42509826799173,33.57490173200827,49.74819147473577,-7.147334190516533
26/04/2018 - 13:42:50,12.473884582519531,118,81.95284691224947,36.04715308775052,50.61093894393355,-7.4265798203949664
26/04/2018 - 13:42:53,13.385372161865234,117,78.25422901659266,38.74577098340734,51.06720327561268,-7.508683062953621
26/04/2018 - 13:42:56,13.002710342407227,115,80.12980516799229,34.87019483200771,51.52753574351604,-7.597208030148751
26/04/2018 - 13:42:59,12.673235893249512,108,81.90762505397693,26.092374946023075,51.92721798459515,-7.85743493857459
26/04/2018 - 13:43:02,9.344131469726562,124,92.69440667358776,31.30559332641223,49.42409467314967,-7.187324355670831
26/04/2018 - 13:43:05,9.926393508911133,126,94.21799480877539,31.782005191224613,49.81232270090905,-7.161920643162109
26/04/2018 - 13:43:08,11.45766544342041,119,86.77681662584922,32.223183374150786,50.215628066095704,-7.345924134998507
26/04/2018 - 13:43:11,12.473884582519531,118,81.68679914852038,36.31320085147963,50.633730397552014,-7.431189433281314
26/04/2018 - 13:43:14,13.385372161865234,117,78.43771637921589,38.562283620784115,51.098494144486715,-7.513415543138369
26/04/2018 - 13:43:17,13.002710342407227,114,80.41916750773925,33.58083249226076,51.547106527292215,-7.608202459230868
26/04/2018 - 13:43:20,12.673235893249512,108,83.35382176179662,24.64617823820338,51.944230324474766,-7.875121698651382
26/04/2018 - 13:43:23,8.853840827941895,125,92.04835640630027,32.95164359369973,49.452657854039636,-7.179711380456195
26/04/2018 - 13:43:26,9.926393508911133,125,94.01348904134889,30.986510958651102,49.83767437735991,-7.170955661588468
26/04/2018 - 13:43:29,11.45766544342041,119,86.15675331582446,32.84324668417553,50.24492530230079,-7.3537014260228775
26/04/2018 - 13:43:32,12.473884582519531,118,81.33206879688157,36.667931203118435,50.66413075357996,-7.437084931830671
26/04/2018 - 13:43:35,14.06112289428711,117,78.65145280352849,38.34854719647152,51.12238897875902,-7.517583274608777
26/04/2018 - 13:43:38,13.002710342407227,114,81.70852984748619,32.29147015251381,51.56652702173105,-7.6199015724931405
26/04/2018 - 13:43:41,9.76550006866455,109,151.0655779027133,-42.0655779027133,49.005466328931696,-7.013066465871721
26/04/2018 - 13:43:44,8.853840827941895,125,91.09808770747682,33.901912292523185,49.47332763002078,-7.174029886180876
26/04/2018 - 13:43:47,9.926393508911133,125,94.41123615763566,30.588763842364347,49.85033252478778,-7.175671549501502
26/04/2018 - 13:43:50,11.45766544342041,119,85.8467216608121,33.15327833918791,50.25958314532299,-7.357409419033012
26/04/2018 - 13:43:53,13.28254508972168,118,81.15470362106217,36.84529637893784,50.67933564710503,-7.43992511965764
26/04/2018 - 13:43:56,14.06112289428711,117,78.07893781347053,38.92106218652947,51.14734873297439,-7.520737607487399
26/04/2018 - 13:43:59,13.002710342407227,113,81.79976249799269,31.200237502007315,51.59292166687529,-7.635672947179585
